medicine_name,generic_name,strength
Encelin D 5 Tablet SR,Dapagliflozin,5mg
Solone 10mg Tablet,Prednisolone,10mg
L-Cetron Tablet,Levocetirizine,5mg
Tuscan 8 Tablet,Candesartan,8mg
Ganguard 500mg Capsule,Ganciclovir,500mg
Sgltd M 5mg/500mg Tablet,Dapagliflozin,5mg
Axaben 5mg Tablet,Apixaban,5mg
Trubest 4mg Tablet,Benidipine,4mg
Retrox 150mg Tablet,Roxithromycin,150mg
Zeldom 20mg Capsule,Omeprazole,20mg
Fexonos M 10mg/120mg Tablet,Montelukast,10mg
Omid 30mg Tablet,Mirtazapine,30mg
Numinate Tablet,Arteether,80mg
Deefix O 200mg/200mg Tablet,Cefixime,200mg
Telinor H 80mg/12.5mg Tablet,Telmisartan,80mg
Wonprox 200mg Tablet,Proxetil,200mg
Dapadax TG 10mg/20mg Tablet,Dapagliflozin,10mg
Statin R 20 Tablet,Rosuvastatin,20mg
DICLONAC P 50MG/500MG TABLET,Diclofenac,50mg
Decotaz 12mg Tablet,Deflazacort,12mg
Zalacort 30mg Tablet,Deflazacort,30mg
Famal 50mg Tablet,Artesunate,50mg
Etowar 90mg Tablet,Etoricoxib,90mg
Meriflox 400mg Tablet,Norfloxacin,400mg
Bclo 10mg Tablet,Baclofen,10mg
Panceptor D 30mg/40mg Tablet SR,Domperidone,30mg
Anoliv 300mg Tablet,Acid,300mg
Oxloben 200 Tablet,Ofloxacin,200mg
Gigatoin 100mg Tablet,Phenytoin,100mg
LNT 4mg Tablet,Benidipine,4mg
Trizolac Tablet VT,Clotrimazole,200mg
Aceclocas P 100mg/325mg Tablet,Aceclofenac,100mg
Predmicross 16mg Tablet,Methylprednisolone,16mg
Arilam 15 Tablet,Aripiprazole,15mg
Pyrigesic T 37.5mg/325mg Tablet,Tramadol,37.5mg
Adyheal-D Tablet,Trypsin,48mg
EXISTAT-M 500MG/250MG TABLET,Acid,500mg
Dydrofast 10 Tablet,Dydrogesterone,10mg
Uzirab-D 30mg/20mg Capsule SR,Domperidone,30mg
Sanagra 50mg Tablet,Sildenafil,50mg
Afedol SP 100mg/325mg/10mg Tablet,Aceclofenac,100mg
Eurepa MF 2 Tablet,Repaglinide,2mg
Gliris-M1 Forte Tablet PR,Glimepiride,1mg
Tolosar 50 Tablet,Losartan,50mg
Zicla-M Tablet,Gliclazide,80mg
Medclu LB 500mg/125mg Tablet,Amoxycillin,500mg
Ondiphar Tablet,Ondansetron,4mg
Arogra-M 10mg/120mg Tablet,Montelukast,10mg
Etivin 0.5 Tablet,Etizolam,0.5mg
Prelid 4mg Tablet,Methylprednisolone,4mg
Cerom CV 250mg Tablet,Cefuroxime,250mg
Gatostate 40mg Tablet,Febuxostat,40mg
Mefex 250 Tablet,Acid,250mg
Acip-PR Tablet,Aceclofenac,100mg
Freeglip-M 500 Tablet ER,Metformin,500mg
Pgalib 75mg Capsule,Pregabalin,75mg
Uribert D 0.4mg/0.5mg Tablet,Tamsulosin,0.4mg
Hifenac Spas Tablet,Drotaverine,80mg
Fusys 150 Tablet,Fluconazole,150mg
Jisarto 25mg Tablet,Losartan,25mg
Etovae 90mg Tablet,Etoricoxib,90mg
Parawin D 20mg/325mg Tablet,Dicyclomine,20mg
Rom D 30mg/20mg Capsule SR,Domperidone,30mg
Gridot-M Tablet,Drotaverine,80mg
Cool Rab 20mg Tablet,Rabeprazole,20mg
Levoxacant 500mg Tablet,Levofloxacin,500mg
Acioflo-O Tablet,Ofloxacin,200mg
StayHappi Spironolactone+Torasemide 50mg/20mg Tablet,Spironolactone,50mg
Feeximm-LB 200 Tablet,Cefixime,200mg
Wininac MR 250mg/50mg/325mg Tablet,Chlorzoxazone,250mg
Hitpain 500mg Tablet,Paracetamol,500mg
Sympod CV 200mg/125mg Tablet,Proxetil,200mg
Rempreg-M Capsule,Methylcobalamin,750mcg
Montasma Plus 5 mg/10 mg Tablet,Levocetirizine,5mg
Des Loratahist 5mg Tablet,Desloratadine,5mg
Walagesic 650mg/65mg Capsule,Paracetamol,650mg
Dapahenz M 5mg/1000mg Tablet,Dapagliflozin,5mg
Beepred 4mg Tablet,Methylprednisolone,4mg
Laviorno P 8mg/325mg Tablet,Lornoxicam,8mg
Amgest 200mg Tablet,Progesterone,200mg
Empahope S 10/100 Tablet,Empagliflozin,10mg
Iverhit 12mg Tablet,Ivermectin,12mg
Linrise 600 Tablet,Linezolid,600mg
Bioformin 80mg/500mg Tablet,Gliclazide,80mg
Gemrab D 30mg/20mg Capsule SR,Domperidone,30mg
Finar 1mg Tablet,Finasteride,1mg
Redu 50mg Tablet,Diclofenac,50mg
Roxifur 500 Tablet,Cefuroxime,500mg
Meth OD 20mg Tablet,Methylphenidate,20mg
Nixacal-K2 Plus Tablet,Malate,1250mg
Glipada 50/500 Tablet,Metformin,500mg
Nephdapa 10 Tablet,Dapagliflozin,10mg
ND 40mg Tablet,Pantoprazole,40mg
Ktoroc 5mg Tablet DT,Ketorolac,5mg
Asdec PC 250mg/50mg/325mg Tablet,Chlorzoxazone,250mg
Metzok 100 Tablet PR,Succinate,95mg
Nerv MCB Plus Capsule 1500mcg/100mg/3mg/1.5mg,Methylcobalamin,1500mcg
Forzeal-MF 2 Tablet PR,LLPGlimepiride,2mg
Hmzine 10 Tablet,Hydroxyzine,10mg
Telmitrol MT 40mg/50mg Tablet,Telmisartan,40mg
Rain 40mg Tablet,Pantoprazole,40mg
Lantas-DX 30 Capsule MR,Dexlansoprazole,30mg
Serrafen Tablet,Diclofenac,50mg
Fedimac-SP Tablet,Diclofenac,50mg
Ofzorb 200 Tablet,Ofloxacin,200mg
Respin LS 2mg Tablet,Risperidone,2mg
CNN 50 Tablet,Minocycline,50mg
Servoxil Plus 500mg/500mg Tablet,Cefadroxil,500mg
Sysmute 10mg Soft Gelatin Capsule,Isotretinoin,10mg
Roj OD 20mg Tablet,Rabeprazole,20mg
Kacelo P 100mg/325mg Tablet,Aceclofenac,100mg
Nuglim M Forte 1mg/1000mg Tablet,Glimepiride,1mg
Mahadiclo MR Tablet,Diclofenac,50mg
Savetel 40 Tablet,Telmisartan,40mg
Nipmax 100mg/325mg Tablet,Nimesulide,100mg
Jolypan 40 Tablet,Pantoprazole,40mg
Sitanis M 50mg/500mg Tablet,Sitagliptin,50mg
Phytocan 100mg Capsule,Itraconazole,100mg
ZyCEL 100 Capsule,Celecoxib,100mg
Febexon 40mg Tablet,Febuxostat,40mg
Edulin-Plus Tablet,Citicoline,500mg
Mookhey LB 500mg/125mg Tablet,Amoxycillin,500mg
Methysoft Plus Soft Gelatin Capsule,Methylcobalamin,750mcg
Corz 6mg Tablet,Deflazacort,6mg
Ibinator 100 Capsule,Itraconazole,100mg
Omten-H 12.5mg/20mg Tablet,Hydrochlorothiazide,12.5mg
Loxipac P 8mg/500mg Tablet,Lornoxicam,8mg
Olvance-AM 20 Tablet,Medoxomil,20mg
Fvedon 20mg Tablet,Trimetazidine,20mg
Divaril-XR 250 Tablet,Divalproex,250mg
Zenbro 100mg Capsule,Acebrophylline,100mg
Leafcort 6mg Tablet,Deflazacort,6mg
Abroz 100mg Capsule,Acebrophylline,100mg
Zedoxy 200 Tablet,Proxetil,200mg
Udvid 150mg Tablet,Acid,150mg
Aconflu 150mg Tablet,Fluconazole,150mg
Ofclan-OZ Tablet,Ofloxacin,200mg
Zitfine 20mg Capsule,Isotretinoin,20mg
Alenrox 500mg Tablet,Cefuroxime,500mg
Futrap 150mg Tablet,Fluconazole,150mg
Moxipil CV 500 mg/125 mg Tablet,Amoxycillin,500mg
Tsn AH 40mg/5mg/12.5mg Tablet,Telmisartan,40mg
Adipin Plus 5mg/50mg Tablet,Amlodipine,5mg
Amburg CV 500mg/125mg Tablet,Amoxycillin,500mg
Panrox 250mg Tablet,Cefuroxime,250mg
Nato 10mg Tablet,Ketorolac,10mg
Amovix-CV Tablet,Amoxycillin,500mg
Tricet M Tablet,Levocetirizine,5mg
Acebel Forte 100mg/325mg/15mg Tablet,Aceclofenac,100mg
Omi 1 D Capsule,Domperidone,10mg
Floxrest-OZ Tablet,Ofloxacin,200mg
Fytodiol 300mg Tablet,Acid,300mg
Podom KID 50mg Tablet DT,Proxetil,50mg
Precoxib 75 Tablet PR,Pregabalin,75mg
Spasmopriv 100mg Capsule,Fenoverine,100mg
Amjoy 60mg Tablet,Dapoxetine,60mg
Hansepran 50 Capsule,Clofazimine,50mg
Itrafaze 200 Capsule,Itraconazole,200mg
Pronate F Tablet,Propranolol,40mg
Ziyarab LS 75mg/20mg Capsule SR,Levosulpiride,75mg
Favitab 400 Tablet,Favipiravir,400mg
Novoceft 250 Tablet,Cefuroxime,250mg
Lumerax 60mg/360mg Tablet,Artemether,60mg
Acrelox CV 500mg/125mg Tablet,Amoxycillin,500mg
Grandmycin 250mg Tablet,Azithromycin,250mg
Erazol 0.25mg Tablet,Alprazolam,0.25mg
Axiglim 2mg Tablet,Glimepiride,2mg
Jovifenac DP 50mg/325mg Tablet,Diclofenac,50mg
Daz 6mg Tablet,Ivermectin,6mg
Nitoflox OZ 200mg/500mg Tablet,Ofloxacin,200mg
Atorpac AC 20/75 Capsule,Aspirin,75mg
Polypod 200mg Tablet DT,Proxetil,200mg
Mithox PG 750mcg/75mg Capsule,Methylcobalamin,750mcg
TRETiva 25 Capsule,Isotretinoin,25mg
Omesoul D 10mg/20mg Capsule,Domperidone,10mg
Zefpod 100mg Tablet DT,Proxetil,100mg
Nimket Tablet,Nimesulide,100mg
Oflolab 200 Tablet,Ofloxacin,200mg
Olmezest-AZ 40 Tablet,Medoxomil,40mg
Pcut Tablet,Pantoprazole,40mg
Gkine 50 Tablet,Itopride,50mg
Loloxy 8mg Tablet,Lornoxicam,8mg
Adcoreb-D Capsule SR,Domperidone,30mg
Cardimol-Plus 10 Tablet SR,Propranolol,40mg
Cloba MT 5mg Tablet,Clobazam,5mg
Genidox Forte 20mg/20mg/5mg Tablet,Doxylamine,20mg
Q-Pin SR 100 Tablet,Quetiapine,100mg
pRACtin Pearls 4mg Softgels,Cyproheptadine,4mg
Jarifrox 500mg Tablet,Cefuroxime,500mg
Ultrarex 37.5mg/325mg Tablet,Tramadol,37.5mg
Amomol N 100mg/325mg Tablet,Nimesulide,100mg
Glimiplus 2mg Tablet,Glimepiride,2mg
Defcil 6 Tablet,Deflazacort,6mg
Aelevo 5mg Tablet,Levocetirizine,5mg
Aziesha 500mg Tablet,Azithromycin,500mg
Stagtin M 50mg/1000mg Tablet,Sitagliptin,50mg
Colipam Forte Tablet,Clidinium,2.5mg
Listril AM Tablet,Amlodipine,5mg
Pgbmax Forte 75mg/10mg/1500mcg Tablet,Pregabalin,75mg
Almox 250 Capsule,Amoxycillin,250mg
Gliphoral 80mg/500mg Tablet,Gliclazide,80mg
Afenak Plus 100 mg/500 mg Tablet,Aceclofenac,100mg
Amoxgeno LB 500mg/125mg Tablet,Amoxycillin,500mg
Dolket Rapid 10mg Tablet DT,Ketorolac,10mg
O Cox 120mg Tablet,Etoricoxib,120mg
Nitraplan 10mg Tablet,Nitrazepam,10mg
Truefibra 145mg Tablet,Fenofibrate,145mg
Restofos 70 Tablet,Acid,70mg
Del Jak XR 22 Tablet,Tofacitinib,22mg
Rosulife Gold 75mg/10mg/75mg Capsule,Aspirin,75mg
Fluwal 150mg Tablet,Fluconazole,150mg
Ampilox Capsule,Ampicillin,250mg
Rumol 650mg Tablet,Paracetamol,650mg
Rapeed 20 Tablet,Rabeprazole,20mg
Zitcef LB 200/500 Tablet,Cefixime,200mg
Piroxygen 20mg Tablet DT,Piroxicam,20mg
Glypeptide-MG2 Tablet PR,Glimepiride,2mg
Chlorpromazine 100mg Tablet,Chlorpromazine,100mg
Movapin 5mg Tablet,Olanzapine,5mg
Rabsopure Capsule SR,Domperidone,30mg
Omekaa 20mg Capsule,Omeprazole,20mg
Calcicell D3 Softgel Capsule,Calcitriol,0.25mcg
Formic O 100mg/40Million spores Tablet,Cefixime,100mg
Predsol 4mg Tablet,Methylprednisolone,4mg
Slimdap 10 Tablet,Dapagliflozin,10mg
Zithropon 250mg Tablet,Azithromycin,250mg
Advapan 40 Tablet,Pantoprazole,40mg
Paroxit 20mg Tablet,Paroxetine,20mg
Nepar Forte 650mg/30mg Tablet,Paracetamol,650mg
Oftric 200mg Tablet,Ofloxacin,200mg
LipiCURE 10 Tablet,Atorvastatin,10mg
Rapilin 2mg Tablet,Repaglinide,2mg
Rozon-Gold 10 Capsule,Aspirin,75mg
Revela 400 Tablet,Sevelamer,400mg
Levozil 5mg Tablet,Levocetirizine,5mg
Rabisoul IT 20mg/150mg Capsule,Rabeprazole,20mg
Glukil P 1mg/500mg/15mg Tablet SR,Glimepiride,1mg
Gababrain 100mg Tablet,Gabapentin,100mg
Hexizine 25 Tablet,Hydroxyzine,25mg
Ifyclin 20mg Tablet,Cilnidipine,20mg
Udyleon 300mg Tablet,Acid,300mg
Xyclav 625 Tablet,Amoxycillin,500mg
Omizra ES 40mg Tablet,Esomeprazole,40mg
Syltra 100 Capsule,Itraconazole,100mg
Ollo OZ 200mg/500mg Tablet,Ofloxacin,200mg
Defloz 6mg Tablet,Deflazacort,6mg
Torzide SL 50mg/10mg Tablet,Spironolactone,50mg
Asrafix 200 Tablet DT,Cefixime,200mg
Mahamox 500 Capsule,Amoxycillin,500mg
Troyplatt 5mg Tablet,Prasugrel,5mg
Xop 50mg Tablet DT,Proxetil,50mg
Estil  Tablet,Ondansetron,4mg
Kcor 10mg Tablet,Nicorandil,10mg
Nurozhil-D Tablet,Methylcobalamin,1500mcg
Wormburn Plus 6mg/400mg Tablet,Ivermectin,6mg
Glyconex MV 2mg/500mg/0.2mg Tablet SR,Glimepiride,2mg
Gekast LV 5mg/10mg Tablet,Levocetirizine,5mg
Telicraft 20mg Tablet,Telmisartan,20mg
Seranac 50mg/10mg Tablet,Diclofenac,50mg
Pantolid-D Tablet,Domperidone,10mg
Dilocor 30mg Tablet,Diltiazem,30mg
Amoxybid 250mg Capsule,Amoxycillin,250mg
Inspor 100 Capsule,Ciclosporin,100mg
Simpcef 200 Tablet,Proxetil,200mg
Oflee OZ 200mg/500mg Tablet,Ofloxacin,200mg
Tenmet 50mg Tablet ER,Succinate,50mg
Acidpar-DSR Capsule,Domperidone,30mg
Rexipra 15 Tablet,Oxalate,15mg
MEtrogyl 400 Tablet,Metronidazole,400mg
Telesort-A Tablet,Telmisartan,40mg
Zaco 6mg Tablet,Deflazacort,6mg
Kneox-OD Tablet,Oxaceprol,600mg
Regut 400mg Tablet,Rifaximin,400mg
Torfavi 800mg Tablet,Favipiravir,800mg
Moca 625 Tablet,Amoxycillin,500mg
Ibvbine 5mg Tablet,Ivabradine,5mg
Eithvik-TH Tablet,Etoricoxib,60mg
Asolor  10 Tablet,Loratadine,10mg
Infizep 1mg Tablet MD,Clonazepam,1mg
Rauf E 250mg/250mg Tablet,Acid,250mg
Zodic P Tablet,Chlorzoxazone,500mg
Flaxa 200 Tablet,Ofloxacin,200mg
Oflohok OZ 200mg/500mg Tablet,Ofloxacin,200mg
Temsartan H 40mg/12.5mg Tablet,Telmisartan,40mg
Nimolink-P Tablet,Nimesulide,100mg
Istrotas 10mg Capsule,Isotretinoin,10mg
Kingmont L 5mg/10mg Tablet,Levocetirizine,5mg
Bioxime LB 200mg Tablet DT,Cefixime,200mg
Ganguard 250mg Capsule,Ganciclovir,250mg
Rabinzole 20mg Tablet,Rabeprazole,20mg
Pantograce 40 Tablet,Pantoprazole,40mg
Nuroxyca Forte  Capsule,Benfotiamine,7.5mg
Rosefast 5mg Tablet,Rosuvastatin,5mg
Rabix-D Tablet,Domperidone,10mg
Telebeat AM Tablet,Telmisartan,40mg
Mylone 8mg Tablet,Methylprednisolone,8mg
Teli D Tablet,Telmisartan,40mg
Sparef 200mg Tablet,Sparfloxacin,200mg
Etowise TH 300mg/4mg Tablet,Etodolac,300mg
Methpen P 750mcg/75mg Capsule,Methylcobalamin,750mcg
Taoun 50mg Tablet,Tapentadol,50mg
Eto-MR 4 Tablet,Etoricoxib,60mg
Doxify Forte Tablet,Doxylamine,20mg
Fospod 100mg Tablet DT,Proxetil,100mg
Jeclofen Forte Tablet MR,Aceclofenac,100mg
Deemectin 12mg Tablet,Ivermectin,12mg
Metolar Trio 50 Tablet ER,Cilnidipine,10mg
Lametec 25 DT Tablet,Lamotrigine,25mg
Singulast LC 5mg/10mg Tablet,Levocetirizine,5mg
Gavinue-NT Capsule,Pregabalin,75mg
Extclav 500mg/125mg Tablet,Amoxycillin,500mg
Deslotag 5mg Tablet,Desloratadine,5mg
Ranfix-CV 325 Tablet,Cefixime,200mg
Hnkast-LC Tablet,LLPLevocetirizine,5mg
Nimodol 100mg Tablet,Nimesulide,100mg
Acenya MR 100mg/325mg/250mg Tablet,Aceclofenac,100mg
Sefdic-MR Tablet,Chlorzoxazone,250mg
D-Live PG Capsule,Pregabalin,75mg
Panril 40mg Tablet,Pantoprazole,40mg
L Montus Flash Tablet,Levocetirizine,5mg
Clark 250 Tablet,Clarithromycin,250mg
Senfix-OF Tablet,Cefixime,200mg
Clopijack 75mg Tablet,Clopidogrel,75mg
Levtam 500 Tablet,Levetiracetam,500mg
Impride M 2mg/500mg Tablet,Glimepiride,2mg
Bizen 500mg Tablet,Pyrazinamide,500mg
Diclonist MR 250mg/50mg/325mg Tablet,Chlorzoxazone,250mg
Svmox 250mg Tablet DT,Amoxycillin,250mg
Mokcan 250mg Tablet DT,Amoxycillin,250mg
Zilos-H Tablet,Losartan,50mg
Doliz 500mg Capsule,Dobesilate,500mg
Raitrip 10mg Tablet,Amitriptyline,10mg
Zipod 200mg Tablet,Proxetil,200mg
Biosuganril 5mg Tablet,Serratiopeptidase,5mg
Flugad 400mg Tablet,Fluconazole,400mg
Synasma 400mg Tablet,Doxofylline,400mg
Sorextil CV 500mg/125mg Tablet,Cefuroxime,500mg
Pyrakem 650mg Tablet,Paracetamol,650mg
Levot OZ 250mg/500mg Tablet,Levofloxacin,250mg
Rabinut DSR 30mg/20mg Capsule,Domperidone,30mg
Ampine RL 5 mg/2.5 mg Tablet,Amlodipine,5mg
Kanomycin 500mg Tablet,Azithromycin,500mg
Telmitis C 40mg/6.25mg Tablet,Telmisartan,40mg
Glimirep 2mg/500mg Tablet,Glimepiride,2mg
Algiscon Chewable Tablet,Carbonate,187.5mg
Respicure Tablet,Caffeine,15mg
Clozet  0.5mg Tablet,Clonazepam,0.5mg
Glimilet M 2mg/500mg Tablet,Glimepiride,2mg
Derivent S 231mg/69mg/4mg Tablet,Etofylline,231mg
Ninda 500mg Tablet,Ornidazole,500mg
Penidom D 30mg/40mg Capsule SR,Domperidone,30mg
Alfix 0.25mg Tablet,Alprazolam,0.25mg
Losamit H 50mg/12.5mg Tablet,Losartan,50mg
Floxrev OZ 200mg/500mg Tablet,Ofloxacin,200mg
Libral 12.5 mg/5 mg Tablet,Amitriptyline,12.5mg
Lavitram 500mg Tablet,Levetiracetam,500mg
Omnacortil 5 Tablet DT,Prednisolone,5mg
Fendro 80mg Tablet,Drotaverine,80mg
Lafjoy 10mg Capsule,Lafutidine,10mg
Atofast-EZ Tablet,Atorvastatin,10mg
Viglast S 50 mg/30 mg Tablet,Sildenafil,50mg
RecliDE Tablet,Gliclazide,80mg
Oflem OZ Tablet,Ofloxacin,200mg
Esovag IT 40mg/150mg Capsule,Esomeprazole,40mg
Diaryl 2mg Tablet,Glimepiride,2mg
Ruhmol MR 100mg/325mg/250mg Tablet,Ibuprofen,100mg
Rancv 500 Tablet ER,Ranolazine,500mg
MGEEtop 40mg Tablet,Pantoprazole,40mg
Daily Dava Aceclofenac+Paracetamol 100mg/325mg Tablet,Aceclofenac,100mg
Mares Plus 0.5mg/50mg Tablet,Alprazolam,0.5mg
Esp 40 IT Capsule,Esomeprazole,40mg
Freetens 0.5mg Tablet,Etizolam,0.5mg
Defnac TH 4mg/50mg Capsule,Thiocolchicoside,4mg
Sapnim 100mg Tablet,Nimesulide,100mg
Femol 650mg Tablet,Paracetamol,650mg
Anafive 1mg Tablet,Anastrozole,1mg
Panazep 12.5 Tablet ER,Paroxetine,12.5mg
Rabiram D 10mg/20mg Tablet,Domperidone,10mg
Nurovamp 1500 Sublingual tablet,Methylcobalamin,1500mcg
Stelpan-DSR Capsule,Domperidone,30mg
Rosufid 20mg Tablet,Rosuvastatin,20mg
Napdom 500mg/10mg Tablet,Naproxen,500mg
Enlevo 500mg Tablet,Levofloxacin,500mg
Nurogab NT  Tablet,Pregabalin,75mg
eNam 20mg Tablet,Enalapril,20mg
O-Prazol O Capsule,Ondansetron,4mg
cEFix 100 Tablet,Cefixime,100mg
P Mox BR 250mg/8mg Capsule,Amoxycillin,250mg
Esovrol D 30mg/40mg Capsule SR,Domperidone,30mg
Xepar-SR-Forte Capsule,Paroxetine,25mg
Rabedyne D 10mg/20mg Tablet,Domperidone,10mg
Alser N 100mg/10mg Tablet,Nimesulide,100mg
Equinil 10mg Tablet,Chlordiazepoxide,10mg
NSR P 100mg/500mg Tablet,Nimesulide,100mg
Mado 50mg/325mg Tablet,Tramadol,50mg
Fluvell 300mg Tablet,Fluconazole,300mg
Tapvox 50mg Tablet,Tapentadol,50mg
Painease SD Tablet,Diclofenac,50mg
Aspram 10mg Tablet,Oxalate,10mg
Midgeo Tablet,Midodrine,2.5mg
Avorox Kid 50mg Tablet,Roxithromycin,50mg
Aziqure 500mg Tablet,Azithromycin,500mg
Mefsaid Tablet,Dicyclomine,20mg
Telezart AM 40mg/5mg Tablet,Telmisartan,40mg
Mucoful-AB Tablet,Acebrophylline,100mg
Maxcold & Flu Tablet,Caffeine,25mg
StayHappi Amitriptyline 25mg Tablet,Amitriptyline,25mg
Lev 250mg Tablet,Levetiracetam,250mg
Anticox II Kid   100 mg/100 mg Tablet,Rifampicin,100mg
Smarta-PTH4 Tablet,Thiocolchicoside,4mg
Pankik D 30mg/40mg Tablet SR,Domperidone,30mg
Montilain-L Tablet,Levocetirizine,5mg
Zadoflam SP 50mg/325mg/15mg Tablet,Diclofenac,50mg
Aziro 250mg Tablet,Azithromycin,250mg
GlYcInorm-M 30 OD Tablet ER,Gliclazide,30mg
Pre-Dalcare M Capsule,Methylcobalamin,750mcg
Amiur H Forte 5mg/50mg Tablet,Amiloride,5mg
Gemdrin 5 Tablet,Procyclidine,5mg
S Amlosafe AT 2.5mg/25mg Tablet,Amlodipine,2.5mg
WOFLOX 200MG TABLET,Ofloxacin,200mg
Rabepride D Capsule,Domperidone,30mg
Etocox 90mg Tablet,Etoricoxib,90mg
Flow Forte 400mg Tablet,Ofloxacin,400mg
Clozine 200mg Tablet,Chlorpromazine,200mg
Formin PG 2 Forte Tablet,Glimepiride,2mg
Atodam 40 Tablet,Atorvastatin,40mg
Examic MF 500mg/250mg Tablet,Acid,500mg
Esomedom 40 Tablet,Esomeprazole,40mg
Relo OR 200mg/500mg Tablet,Ofloxacin,200mg
Trimmeg 20mg Tablet,Trimetazidine,20mg
Esozet-LS Capsule SR,Levosulpiride,75mg
Metcef 500 Tablet,Cefuroxime,500mg
Reefox M 10mg/120mg Tablet,Montelukast,10mg
Broncozed Tablet,Acebrophylline,100mg
Mekom-D Capsule,Domperidone,10mg
Furrow 250 Tablet,Cefuroxime,250mg
Zollson-D Capsule,Domperidone,30mg
Sanclop Plus 100mg/325mg Tablet,Aceclofenac,100mg
Atol 50mg Tablet,Atenolol,50mg
Radoglim M Forte 2mg/1000mg Tablet SR,Glimepiride,2mg
Quefine 200mg Tablet SR,Quetiapine,200mg
Dicon Plus 50 mg/500 mg Tablet,Diclofenac,50mg
Levbia 5mg Tablet,Levocetirizine,5mg
Rourax 10 Tablet,Rosuvastatin,10mg
Torsicare S 25mg/10mg Tablet,Spironolactone,25mg
Bendicop 8 Tablet,Benidipine,8mg
Mahagesic-ACP Tablet,Aceclofenac,100mg
Lezcort 6mg Tablet,Deflazacort,6mg
Olenase T Tablet,Aceclofenac,100mg
I Nid P 100 mg/325 mg Tablet,Nimesulide,100mg
S-Citapad 20 Tablet,Oxalate,20mg
Monticoral-LC Tablet,Levocetirizine,5mg
Loreb-DSR Capsule,Domperidone,30mg
Zyl N 400mg Tablet,Norfloxacin,400mg
Wolip 40mg Tablet,Atorvastatin,40mg
Cortaid 6 Tablet,Deflazacort,6mg
Nimgrits P 100mg/325mg Tablet,Nimesulide,100mg
Delpod-OF Tablet,Proxetil,200mg
Azein 250mg Tablet,Azithromycin,250mg
Astromet Trio Forte Tablet,Glimepiride,2mg
Physirab-DSR Capsule,Domperidone,30mg
Penta 40mg Capsule,Pantoprazole,40mg
Mdrabe 20mg Tablet,Rabeprazole,20mg
Wemoxyl 250mg Tablet,Amoxycillin,250mg
Spnpod O 200mg/200mg Tablet,Proxetil,200mg
Odds UP 4mg Tablet,Ondansetron,4mg
Betarox 20mg Tablet DT,Piroxicam,20mg
Abtelmi 40mg Tablet,Telmisartan,40mg
Enal 5mg Tablet,Enalapril,5mg
Olazpin-Plus Tablet,Fluoxetine,20mg
Tixa-Phylin 100mg Tablet,Acebrophylline,100mg
Noltrexate 2.5mg Tablet,Methotrexate,2.5mg
Etisnia 0.25mg Tablet,Etizolam,0.25mg
Glimirica M 2 Tablet PR,Glimepiride,2mg
Brivamax 50 Tablet,Brivaracetam,50mg
Gyselmet Trio 2mg/500mg/0.3mg Tablet,Glimepiride,2mg
Simpred 4mg Tablet,Methylprednisolone,4mg
R-Cinex Capsule,Rifampicin,450mg
Ziovir 800mg Tablet,Acyclovir,800mg
Somatrip 10mg Tablet,Amitriptyline,10mg
Metel 80mg Tablet,Telmisartan,80mg
Avastin 10mg Tablet,Atorvastatin,10mg
Acicloric TH 100mg/8mg Tablet,Aceclofenac,100mg
Mozing 5mg/10mg Tablet,Levocetirizine,5mg
Saimin D 50mg/750mg/250mg Tablet,Diacerein,50mg
Inubloc T 5 Tablet,Bisoprolol,5mg
NIX 250 MG CAPSULE,Cefalexin,250mg
Axid D 10mg/20mg Tablet,Domperidone,10mg
Rabdomax 30mg/20mg Capsule,Domperidone,30mg
Topvel-SP Tablet,Aceclofenac,100mg
Tampure D 0.4mg/0.5mg Tablet MR,Tamsulosin,0.4mg
Zamoxib P 60mg/325mg Tablet,Etoricoxib,60mg
Zoxinace Plus 100mg/325mg Tablet,Aceclofenac,100mg
Lofcef CV 200mg/125mg Tablet,Cefixime,200mg
Pantoleez D 10mg/40mg Tablet,Domperidone,10mg
Pharcef-O 200 Tablet DT,Proxetil,200mg
Serdez 6mg Tablet,Deflazacort,6mg
Trioment-M Tablet,Levocetirizine,5mg
Nexodec D 30mg/40mg Capsule,Domperidone,30mg
Nervimeh P 750mcg/75mg Tablet SR,Methylcobalamin,750mcg
Metbry 500mg Tablet SR,Metformin,500mg
Levotin Plus 5 mg/10 mg Tablet,Levocetirizine,5mg
Benlar AS 100mg/15mg Tablet,Aceclofenac,100mg
Declofin P 50mg/325mg Tablet,Diclofenac,50mg
Telnilive 20mg Tablet,LLPTeneligliptin,20mg
Dislor 5mg Tablet,Desloratadine,5mg
Redoth 75mg Tablet,Dosulepin,75mg
Necpan-LS Capsule SR,Levosulpiride,75mg
Montes LC 5mg/10mg Tablet,Levocetirizine,5mg
Napaid-D Tablet,Naproxen,500mg
Rubydon 200mg/20mg Capsule SR,Aceclofenac,200mg
Loripan-DSR Capsule,Domperidone,30mg
Stencort 6 Tablet,Deflazacort,6mg
Omevu 20mg Capsule,Omeprazole,20mg
Escirise 10mg Tablet,Oxalate,10mg
Trisys 200mg/200mg Tablet XL,Cefixime,200mg
Actlm Tablet,Levocetirizine,5mg
Spiace 100mg Tablet,Aceclofenac,100mg
Supracal OS Tablet | Daily Bone Strength & Calcium Support,Calcitriol,0.25mcg
Terramycin SF Capsule,Oxytetracycline,250mg
Lintramic 500mg/250mg Tablet,Acid,500mg
Amlosafe-AT 2.5mg/25mg Tablet,Amlodipine,2.5mg
Liftopram LS Tablet,Etizolam,0.25mg
Zeftom 250mg Tablet,Cefuroxime,250mg
Rsab-LS Capsule PR,LTDLevosulpiride,75mg
Ubitdol 100mg Tablet SR,Tramadol,100mg
Podfex 100mg Tablet,Proxetil,100mg
Dolcet-M Kid Tablet,Levocetirizine,2.5mg
Vopreg 300mg Tablet SR,Progesterone,300mg
Ainac-P Tablet,Aceclofenac,100mg
Febicop 40mg Tablet,Febuxostat,40mg
Lavishape Capsule,Orlistat,60mg
Focime-L 100mg Tablet,Cefixime,100mg
Leekuf Soft Gelatin Capsule,Phenylephrine,5mg
Acefar SP 100mg/325mg/15mg Tablet,Aceclofenac,100mg
Mefevac T 100mg/4mg Tablet,Aceclofenac,100mg
Emcort 6mg Tablet,Deflazacort,6mg
Gzor M 4mg/500mg Tablet,Glimepiride,4mg
Freeliv 300mg Tablet,Acid,300mg
Itrafaze 200mg Tablet,Itraconazole,200mg
Dobeflo 500mg Capsule,Dobesilate,500mg
Detrusitol 2mg Tablet,Tolterodine,2mg
Abdrot Plus  Tablet,Drotaverine,80mg
Meflaxin 10mg/250mg Tablet,Dicyclomine,10mg
Vovedic-MR 50mg/400mg Tablet,Diclofenac,50mg
Sopan D 10mg/40mg Tablet,Domperidone,10mg
Acenova Tablet MR,Aceclofenac,100mg
Texorap 12.5mg Tablet CR,Paroxetine,12.5mg
Kavfix 200 LB Tablet,Cefixime,200mg
F 1mg Tablet,Finasteride,1mg
Afnadol SP 100mg/325mg/15mg Tablet,Aceclofenac,100mg
Ergeron Tablet,Bromelain,90mg
Olay Forte Tablet,Fluoxetine,20mg
Fluxit Tablet,Flupenthixol,0.5mg
Pramodep 50mg Tablet,Opipramol,50mg
Esopraz D 30mg/40mg Tablet SR,Domperidone,30mg
Tramanec 50mg Tablet,Tramadol,50mg
DafLon 500 mg Tablet,Diosmin,450mg
Elecillin 250mg Tablet,Ampicillin,250mg
Fortidox LB 100mg Capsule,Doxycycline,100mg
Qudase D 50mg/10mg Tablet,Diclofenac,50mg
Rabipac LS 75mg/20mg Capsule SR,Levosulpiride,75mg
Nefrojoy Tablet,Taurine,500mg
Parizol-DSR Capsule,Domperidone,30mg
Avilan 40mg Tablet SR,Isoxsuprine,40mg
Merish-PG Softgel Capsule,Acid,100mg
Rapotine 12.5mg Tablet,Paroxetine,12.5mg
Xpain Plus 4 Tablet,Thiocolchicoside,4mg
Rosurise 10mg Tablet,LLPRosuvastatin,10mg
Dalwocef 100mg Tablet,Cefixime,100mg
Triptal 25mg Tablet,Amitriptyline,25mg
Atoritic 40mg Tablet,Atorvastatin,40mg
Sunrik 50mg Tablet,Artesunate,50mg
Rabifloat-DSR Capsule,Domperidone,30mg
Azrit 500mg Tablet,Azithromycin,500mg
Cinarin 25mg Tablet,Cinnarizine,25mg
Acer Plus Tablet,Aceclofenac,100mg
Olzox-AM Tablet,Medoxomil,20mg
Atorstase 20mg Tablet,Atorvastatin,20mg
Cynocal-OD Tablet ER,Methylcobalamin,1500mcg
Oxycbaz 450 Tablet,Oxcarbazepine,450mg
Hhlevo 5mg Tablet,LLPLevocetirizine,5mg
Dolonar 20mg Tablet DT,Piroxicam,20mg
Alneevo 250mg Tablet,Azithromycin,250mg
Desgud 5 Tablet,Desloratadine,5mg
Natbil M 20mg/10mg Tablet,Bilastine,20mg
Silosure-D Capsule,Silodosin,8mg
Ebanit 20mg Tablet,Ebastine,20mg
Novastat-TG 5 Tablet,Fenofibrate,160mg
Saixime O 200mg/200mg Tablet,Cefixime,200mg
Larmox 500mg Tablet,Amoxycillin,500mg
S-Celepra 5 Tablet,Oxalate,5mg
Rabenet D 30mg/20mg Capsule SR,Domperidone,30mg
Ogrid 200mg Tablet,Ofloxacin,200mg
Pantason 40 Tablet,Pantoprazole,40mg
Olmas 20 Tablet,Medoxomil,20mg
Xcel Max Tablet,Tramadol,37.5mg
Sefnir 300 Tablet,Cefdinir,300mg
Quetipress 25mg Tablet,Quetiapine,25mg
Lornoxistin 8mg/325mg Tablet,Lornoxicam,8mg
Clavix-AS 150 Tablet,Aspirin,150mg
Enterosulphazyme Plus Tablet,Diloxanide,250mg
Makrab 20 Tablet,Rabeprazole,20mg
Atifix O 200mg/200mg Tablet,Cefixime,200mg
Myeto TH 400mg/4mg Tablet,Etodolac,400mg
GPR-M 2 Tablet SR,Glimepiride,2mg
Evozit 500mg Tablet,Levofloxacin,500mg
Finraze 1mg Tablet,Finasteride,1mg
Glocid 150mg Tablet,Ranitidine,150mg
Ulcerex 150mg Tablet,Ranitidine,150mg
Rabesoz 20mg Tablet,Rabeprazole,20mg
Rosjet 5 Tablet,Rosuvastatin,5mg
Myotran 500mg/250mg Tablet,Acid,500mg
Raquil DSR Capsule,Domperidone,30mg
Histriz 10mg Tablet,Cetirizine,10mg
Rifamine 550mg Tablet,Rifaximin,550mg
Dibiglim MF 2mg/500mg Tablet,Glimepiride,2mg
Rime 100mg Tablet DT,Cefixime,100mg
Sobicyte DS 1000mg Tablet,Bicarbonate,1000mg
Diczen MR 250mg/50mg/325mg Tablet,Chlorzoxazone,250mg
Renvorab 20 Tablet,Rabeprazole,20mg
Omzocid-D Capsule SR,Domperidone,10mg
Zeritin 10mg Tablet,Cetirizine,10mg
Amzodox Clav 200mg/125mg Tablet,Proxetil,200mg
Geonim P 100mg/325mg Tablet,Nimesulide,100mg
Mirawin 7.5mg Tablet,Mirtazapine,7.5mg
Rabosia D 10mg/20mg Tablet,Domperidone,10mg
Rabenew DSR Capsule,Domperidone,30mg
Telmovil 40mg Tablet,Telmisartan,40mg
Metynerve PM 750mcg/75mg Tablet,Methylcobalamin,750mcg
Dexquil 5mg/2mg/10mg Tablet,Phenylephrine,5mg
Daily 10mg Tablet,Cetirizine,10mg
Acofen SP 100mg/325mg/15mg Tablet,Aceclofenac,100mg
Aziwok 600 Tablet,Azithromycin,600mg
Glimgill PM 2mg/500mg/12mg Tablet,Glimepiride,2mg
Olmefast A 40mg/5mg Tablet,Medoxomil,40mg
Kylofen P 100mg/325mg Tablet,Aceclofenac,100mg
Ostizox DS 250mg/50mg/325mg Tablet,Chlorzoxazone,250mg
Progantin M Tablet,Gabapentin,300mg
Hepsosafe 300mg Tablet,Acid,300mg
Pantobid DSR 30mg/40mg Capsule,Domperidone,30mg
Gliaid 2 Forte Tablet PR,Glimepiride,2mg
Zacova TD 0.4mg/0.5mg Tablet,Tamsulosin,0.4mg
Mirtarest 7.5mg Tablet,Mirtazapine,7.5mg
Clonapax 0.5mg Tablet,Clonazepam,0.5mg
Livigrel A 150mg/75mg Capsule,Aspirin,150mg
Moxylune-CV 625 Tablet,Amoxycillin,500mg
Istavel 25mg Tablet,Sitagliptin,25mg
Salqra 500 Tablet DR,Sulfasalazine,500mg
Metforise 1000mg Tablet,Metformin,1000mg
Levolet 500mg Tablet,Levofloxacin,500mg
Justify Plus 5 Tablet,Clonazepam,0.5mg
Platfrin 150 mg/75 mg Tablet,Aspirin,150mg
Healocheck Capsule,Methylcobalamin,400mcg
Pozitiv 30mg Tablet,Pioglitazone,30mg
Genlide Plus 100 mg/500 mg Tablet,Nimesulide,100mg
Lugr Plus 25mg Effervescent Tablet,Sildenafil,25mg
Nitopod 200 DT Tablet,Proxetil,200mg
Gaben 750 mcg/75 mg Capsule,Methylcobalamin,750mcg
Zenside 80mg/500mg Tablet,Gliclazide,80mg
Torsidex Plus Tablet,Spironolactone,25mg
Esmo D 30mg/40mg Capsule SR,Domperidone,30mg
LO 50 Tablet,Losartan,50mg
Lesunate L 80mg/480mg Tablet,Artemether,80mg
Novacortil XT 6mg Tablet,Deflazacort,6mg
Panrem 40 Tablet,Pantoprazole,40mg
Tinep Forte Capsule,Methylcobalamin,1500mcg
Panpital DSR Capsule,Domperidone,30mg
Dolpa D 30mg/20mg Capsule SR,Domperidone,30mg
Traspect-MF 500mg/250mg Tablet,Acid,500mg
Alimed 8mg Tablet,Methylprednisolone,8mg
Pregadev M 75mg/1500mcg Tablet,Methylcobalamin,75mg
Tolzox-D Tablet,Tolperisone,450mg
Techcef 200mg Tablet DT,Proxetil,200mg
Azithrot 500mg Tablet,Azithromycin,500mg
Nurest 5mg Tablet MD,Prochlorperazine,5mg
Nocsaf O Tablet,Proxetil,200mg
Uroxtat 80mg Tablet,Febuxostat,80mg
Finorg 1mg Tablet,Finasteride,1mg
Glimifact M 3mg/1000mg Tablet,Glimepiride,3mg
Mecabalin Gaba Tablet,Gabapentin,300mg
Macgil 80 mg/500 mg Tablet,Gliclazide,80mg
Azbil 500mg Tablet,Azithromycin,500mg
Ambrolite 30 Tablet,Ambroxol,30mg
Metbose 500mg/0.2mg Tablet,Metformin,500mg
Immugo Tablet,Azathioprine,50mg
Ofdac Plus Tablet,Cefixime,200mg
Lornova P 8mg/325mg Tablet,Lornoxicam,8mg
Raux-L Plus 80mg/480mg Tablet,Artemether,80mg
Sumisun 25mg Tablet,Sumatriptan,25mg
Riztar DSR Capsules,Domperidone,30mg
Ursokem 300 Tablet,Acid,300mg
Atorsky F 160mg Tablet,Fenofibrate,160mg
Drohit M 80mg/250mg Tablet,Drotaverine,80mg
Pentanox D 30mg/40mg Capsule SR,Domperidone,30mg
Torpanel 8 Tablet,Perampanel,8mg
Comtrix O Tablet,Cefixime,200mg
Montelon LC Tablet,Levocetirizine,5mg
Zidom-D Capsule,Domperidone,10mg
Eolap M 5mg/10mg Tablet,Levocetirizine,5mg
Telmitek-CT 40mg/6.25mg Tablet,Telmisartan,40mg
Frusis 20 mg/50 mg Tablet,Furosemide,20mg
Acekyor-P 100mg/325mg Tablet,Aceclofenac,100mg
Kbect-LS Tablet,Levosulpiride,25mg
Stomer 25 Tablet,Amitriptyline,25mg
Praza 40mg Tablet,Pantoprazole,40mg
Desol Tablet,Caffeine,25mg
IROvel 150 Tablet,Irbesartan,150mg
Montliw 5mg Tablet,Levocetirizine,5mg
Wozyme AP 100mg/325mg Tablet,Aceclofenac,100mg
Zelthrocin 500 Tablet,Erythromycin,500mg
Witpred 4mg Tablet,Methylprednisolone,4mg
Acemol SP 100mg/325mg/15mg Tablet,Aceclofenac,100mg
Clindazole Vaginal Suppository,Clindamycin,100mg
Oxval 300mg Tablet,Oxcarbazepine,300mg
Proxyzin 25mg Tablet,Hydroxyzine,25mg
Lenz 15mg Tablet DT,Lansoprazole,15mg
Henzinex CD3 Tablet,Acid,100mg
Unitor-CV Tablet,Atorvastatin,10mg
Moxclawin 625 Tablet,Amoxycillin,500mg
Favizee 400mg Tablet,Favipiravir,400mg
Furacept CV 500mg/125mg Tablet,Cefuroxime,500mg
Panfew 40 Tablet,Pantoprazole,40mg
Esozol D 30mg/40mg Capsule,Domperidone,30mg
Flamset-SP Tablet,Aceclofenac,100mg
Rosimit 5mg Tablet,Rosuvastatin,5mg
Omimed-DSR Capsule,Domperidone,30mg
Terbifun 250 Tablet,Terbinafine,250mg
Astromentin 500mg/125mg Tablet,Amoxycillin,500mg
Atenova 100mg Tablet,Atenolol,100mg
Nizatel 40 Tablet,Telmisartan,40mg
Lupisera N Tablet,Nimesulide,100mg
Movilor 4mg Tablet,Lornoxicam,4mg
Gabapin 800mg Tablet,Gabapentin,800mg
Fabeomed 40mg Tablet,Febuxostat,40mg
Pantaron 40mg Tablet,Pantoprazole,40mg
Beforab D 10mg/20mg Tablet,Domperidone,10mg
Ciplon 500mg/600mg Tablet,Ciprofloxacin,500mg
Alinime Plus 100mg/500mg Tablet,Nimesulide,100mg
Levoflar 5mg Tablet,Levocetirizine,5mg
Torsabi 5mg Tablet,Torasemide,5mg
Startsita D 10mg/100mg Tablet,Dapagliflozin,10mg
Damcet 5mg Tablet,Levocetirizine,5mg
Reepan-DSR Capsule,Domperidone,30mg
Pedxim 100mg Tablet,Proxetil,100mg
Frather L 80mg/480mg Tablet,Artemether,80mg
Oflottle-OZ Tablet,Ofloxacin,200mg
Partol D 50mg/500mg Tablet,Diclofenac,50mg
Mizocet Tablet,Levocetirizine,5mg
Dronim MF 80mg/250mg Tablet,Drotaverine,80mg
Telwake H 40mg/12.5mg Tablet,Telmisartan,40mg
Livestar 500mg Tablet,Levofloxacin,500mg
Tensyl 0.25mg Tablet,Alprazolam,0.25mg
Migrid 5mg Tablet,Flurbiprofen,5mg
Zimspor S 200mg/150mg Tablet,Cefixime,200mg
Barcet 5mg Tablet,Levocetirizine,5mg
Amitel 200mg Tablet,Amisulpride,200mg
Ulticlav 500 mg/125mg Tablet,Amoxycillin,500mg
Oregra-M Tablet,Montelukast,10mg
Olegard M 20mg/25mg Tablet,Medoxomil,20mg
Texliv 300 Tablet,Acid,300mg
Goodprazole D 10/20 Tablet,Domperidone,10mg
Lexozen 5mg Tablet,Levocetirizine,5mg
Ketonet Tablet,Ketoconazole,200mg
Neugabid SR 75mg Tablet,Pregabalin,75mg
Etoflam Activ 60mg Tablet,Etoricoxib,60mg
Prat-D Tablet,Domperidone,10mg
Favikav 400mg Tablet,Favipiravir,400mg
Ulozet 20mg Capsule,Duloxetine,20mg
Lantas-DX 60 Capsule MR,Dexlansoprazole,60mg
Pyrimet MR Tablet,Paracetamol,300mg
Bestogesic Plus 100 mg/500 mg Tablet,Nimesulide,100mg
Heptomed 150 Tablet,Acid,150mg
Modatec 100mg Tablet,Modafinil,100mg
Icozide M 80mg/500mg Tablet,Gliclazide,80mg
Rodeo-DSR Capsule,Domperidone,30mg
Acbc Capsule,Acebrophylline,100mg
Deppride M 2mg/500mg Tablet,Glimepiride,2mg
Siofen-SR Tablet,Diclofenac,50mg
Alpraquil 0.25mg Tablet,LLPAlprazolam,0.25mg
Sugpel M 500mg/20mg Tablet SR,Metformin,500mg
Parotrip 12.5 CR Tablet,Paroxetine,12.5mg
Coxtin 90mg Tablet,Etoricoxib,90mg
Apexim 200mg Tablet,Cefixime,200mg
Kivapred 8 Tablet,Methylprednisolone,8mg
Tri Glucodol Tablet,Glibenclamide,5mg
Acedac-P 100mg/325mg Tablet,Aceclofenac,100mg
Femidin 10mg Tablet,Famotidine,10mg
Scalpep D 50mg/10mg Tablet,Diclofenac,50mg
Omkez-D Capsule,Domperidone,10mg
Diligan 50mg Tablet,Meclizine,50mg
Ureks 250mg Tablet,Ethamsylate,250mg
Atosep C 10mg/75mg Tablet,Atorvastatin,10mg
Pinicid-D Tablet,Domperidone,10mg
Zeroder-P Tablet,Aceclofenac,100mg
Losanorm HR Tablet,Ramipril,2.5mg
Metsugar G 2mg/500mg Tablet,Glimepiride,2mg
Satpan D 30mg/40mg Capsule SR,Domperidone,30mg
Y-Doxime 200 Tablet,Proxetil,200mg
Meglaz X Tablet,Mebeverine,135mg
Topinik 50mg Tablet,Topiramate,50mg
Adore MR 100mg/325mg/250mg Tablet,Aceclofenac,100mg
Limpen MP 1mg/500mg/15mg Tablet SR,LLPGlimepiride,1mg
Itrakelox 100mg Capsule,Itraconazole,100mg
Olme-Dalcare H 20/12.5 Tablet,Hydrochlorothiazide,12.5mg
Diaseal 80mg Tablet,Gliclazide,80mg
Diarno 200 mg/500 mg Tablet,Ofloxacin,200mg
Mepalex 300mg Tablet,Mefloquine,300mg
Sertalog 50mg Tablet,Sertraline,50mg
Kindac 200mg Tablet SR,Aceclofenac,200mg
Defolam MR 250mg/50mg/325mg Tablet,Chlorzoxazone,250mg
Huntclav 625 Tablet,Amoxycillin,500mg
Paracyclo 650mg Tablet,Paracetamol,650mg
Weltran M 500mg/250mg Tablet,Acid,500mg
Orin O 200mg/500mg Tablet,Ofloxacin,200mg
Dapawin 5 Tablet,Dapagliflozin,5mg
Vesopro NT 200mg/5mg Tablet,Gabapentin,200mg
Glymark 80mg Tablet,Gliclazide,80mg
Dentain Plus 50 mg/500 mg/10 mg Tablet,Diclofenac,50mg
B Joy LSR 75mg/20mg Capsule,Levosulpiride,75mg
Delco 6mg Tablet,Deflazacort,6mg
Xtrabile 300mg Tablet,Acid,300mg
Etopahr 120mg Tablet,Etoricoxib,120mg
Mefton D 20mg/250mg Tablet,Dicyclomine,20mg
Hymont-LC Kid Tablet DT,Levocetirizine,2.5mg
Itozole 100mg Capsule,Itraconazole,100mg
Instoid 10 Soft Gelatin Capsule,Isotretinoin,10mg
Matepan D 10mg/40mg Tablet,Domperidone,10mg
Alnaros F 160mg/10mg Tablet,Fenofibrate,160mg
Dutova-P 400mg/325mg Tablet,Etodolac,400mg
Aprezo 30mg Tablet,Apremilast,30mg
Senic 50mg/10mg Tablet,Diclofenac,50mg
Primor Kid 50mg Tablet,Proxetil,50mg
Nomxime-O 200mg/200mg Tablet,Cefixime,200mg
Welzine AM 5mg/60mg Tablet,Levocetirizine,5mg
Montzer LC 5mg/10mg Tablet,Levocetirizine,5mg
Lavtril M Tablet,Ambroxol,75mg
Glimid M 2mg/500mg Tablet,Glimepiride,2mg
Torget 5 Tablet,Torasemide,5mg
Betadix 300mg/200mg Tablet,Acid,300mg
Easy Joint 50mg/750mg/250mg Tablet,Diacerein,50mg
Lupipan L 75mg/40mg Capsule,Levosulpiride,75mg
Podofix CV 200mg/125mg Tablet,Proxetil,200mg
Silodal 8 Capsule,Silodosin,8mg
Voglitor MD 0.3 Tablet,Voglibose,0.3mg
MX-Clave LB 625 Tablet,LLPAmoxycillin,500mg
Nimol Plus Tablet,Nimesulide,100mg
Mefnatrax 500mg/250mg Tablet,Acid,500mg
Xytel 80H Tablet,Telmisartan,80mg
Scotderm 250mg Tablet,Terbinafine,250mg
Gloxen 250mg Tablet,Naproxen,250mg
Maxilet 50 Capsule,Mexiletine,50mg
Levocin M Kid 2.5mg/4mg Tablet,Levocetirizine,2.5mg
Ampicon 100 Tablet,Amisulpride,100mg
Raberad-DSR Capsule,Domperidone,30mg
AGA-DT Tablet,Dutasteride,0.5mg
Pemper 40mg Tablet,Pantoprazole,40mg
Olmephage 20mg Tablet,Medoxomil,20mg
Neliptin 20 Tablet,Teneligliptin,20mg
Quenite SR 100 Tablet,Quetiapine,100mg
Firstdep 20mg Capsule,Fluoxetine,20mg
Glilar 2mg Tablet,Glimepiride,2mg
Debosity 60mg Capsule,Orlistat,60mg
Lefoxa F 10mg/120mg Tablet,Montelukast,10mg
Premecol-D Tablet,Methylcobalamin,1500mcg
Qalysartan H 40mg/12.5mg Tablet,Telmisartan,40mg
Nuromax-PG 750mcg/75mg Capsule,Methylcobalamin,750mcg
Actilop H 50mg/12.5mg Tablet,Losartan,50mg
Neogra 50mg Tablet,Sildenafil,50mg
Zalome D 10mg/20mg Capsule,Domperidone,10mg
Hyplo-AM 50mg/5mg Tablet,Losartan,50mg
Benzo ET 0.5mg/10mg Tablet,Etizolam,0.5mg
Diclorev MR 250mg/50mg/325mg Tablet,Chlorzoxazone,250mg
Betacent 8mg Tablet,Betahistine,8mg
Defac 6mg Tablet,Deflazacort,6mg
Riopah 0.5mg Tablet,Riociguat,0.5mg
Medivor Tablet,Voriconazole,200mg
Johncef 200mg Tablet,Cefixime,200mg
Combizox Tablet,Chlorzoxazone,250mg
Rifafix 200mg Tablet,Rifaximin,200mg
Abisone 10mg Soft Gelatin Capsule,Isotretinoin,10mg
Goutab 80 Tablet,Febuxostat,80mg
Zithidel 500mg Tablet,Azithromycin,500mg
Levofem 250mg Tablet,Levofloxacin,250mg
Mizomet VD 50mg Tablet,Vildagliptin,50mg
Aceloyd MR 100mg/325mg/250mg Tablet,Aceclofenac,100mg
Glyifowik V 10mg/100mg Tablet SR,Dapagliflozin,10mg
Troyfenac TH 100mg/4mg Tablet,Aceclofenac,100mg
Rethard 10mg Tablet CR,Norethisterone,10mg
Diagrm P 15mg/2mg Tablet,Pioglitazone,15mg
Podgril 200mg Tablet DT,Proxetil,200mg
Levoseg 500mg Tablet,Levofloxacin,500mg
Pantochip DSR Capsule,Domperidone,30mg
Emlenz 30mg Capsule,Lansoprazole,30mg
Acemove-P 100mg/325mg Tablet,Aceclofenac,100mg
Sofenac TH 100mg/4mg Tablet,Aceclofenac,100mg
Amwel AT 2.5mg/50mg Tablet,Amlodipine,2.5mg
Monogesic -MR Tablet,Chlorzoxazone,250mg
Atzee 50mg Tablet,Atenolol,50mg
Oxzaro 450mg Tablet,Oxcarbazepine,450mg
Levowich 500 Tablet,LLPLevofloxacin,500mg
Gerdofix 40mg Tablet,Pantoprazole,40mg
Rabteez-L Capsule PR,Levosulpiride,75mg
Yogaprol 25 Tablet ER,Succinate,23.75mg
Regnor-Mnt Tablet,Pregabalin,75mg
Keflor 250mg Tablet,Cefaclor,250mg
Leebonn 500mg Tablet,Levofloxacin,500mg
Rebelin 300mg Tablet SR,Pregabalin,300mg
Abomox 250mg Capsule,Amoxycillin,250mg
Elosap 50 Tablet,Losartan,50mg
Lanolimus 0.25mg Tablet,Everolimus,0.25mg
Alzacox TH 60mg/4mg Tablet,Etoricoxib,60mg
Mongard 5mg/10mg Tablet,Levocetirizine,5mg
Aciclowel SP 100mg/325mg/15mg Tablet,Aceclofenac,100mg
Genrox 150mg Tablet,Roxithromycin,150mg
Andelet LC 5mg/10mg Tablet,Levocetirizine,5mg
Scabo 3mg Tablet,Ivermectin,3mg
Flonix-OZ Tablet,Ofloxacin,200mg
Imfix 50mg Tablet DT,Cefixime,50mg
Lenetriz Plus 10mg/120mg/200mg Tablet,Montelukast,10mg
Xydem 10 Tablet,Zolpidem,10 mg
Geburic 80mg Tablet,Febuxostat,80mg
Tonact Plus Tablet ER,Atorvastatin,10mg
Nacton MR 100mg/325mg/250mg Tablet,Aceclofenac,100mg
Rosavo 20mg Tablet,Rosuvastatin,20mg
Monodol P 100mg/325mg Tablet,Aceclofenac,100mg
Texcolin-P Tablet,Citicoline,500mg
Systamet G 2mg/500mg Tablet SR,Glimepiride,2mg
Olmicure 40mg Tablet,Medoxomil,40mg
Scliv 100mg Tablet DT,Proxetil,100mg
Rosutop F 160mg/10mg Tablet,Fenofibrate,160mg
Oasoft Gold Tablet,Diacerein,50mg
Acbia SP 100mg/325mg/10mg Tablet,Aceclofenac,100mg
Giant-NT Tablet,Gabapentin,400mg
Sukuff Triple Action Tablet,Caffeine,30mg
Nurano M 750mg/75mg Tablet,Methylcobalamin,750mg
Flatron 4mg Tablet,Ondansetron,4mg
Vingraf 0.25 Capsule,Tacrolimus,0.25mg
Urdis 300mg Tablet,Acid,300mg
Azoslip 0.5mg Tablet,Alprazolam,0.5mg
Xenohep Tablet,Ademetionine,400mg
Solitair Tablet,Levocetirizine,5mg
Xexto MR 100 mg/500 mg/250 mg Tablet,Aceclofenac,100mg
Parot 40mg Tablet,Paroxetine,40mg
Endoprega-ET Tablet PR,Pregabalin,75mg
Lindep 50mg Tablet,Sertraline,50mg
Sigadax PM 1000mg/15mg/100mg Tablet,Metformin,1000mg
Bronco-NAC Tablet,Acebrophylline,100mg
Salclav 625 Tablet,Amoxycillin,500mg
Allrelief LM Tablet,Levocetirizine,5mg
Finvin 1mg Tablet,Finasteride,1mg
SOLOKAST 5 MG TABLET,Montelukast,5mg
Levalo 750mg Tablet,Levofloxacin,750mg
Levozyp 10mg Tablet,Levocetirizine,10mg
Southazole 30mg/20mg Capsule SR,Domperidone,30mg
Nodmont M 20mg/10mg Tablet,Bilastine,20mg
Gpen 300mg Tablet,Gabapentin,300mg
Piranid 800mg Tablet,Piracetam,800mg
Omimed 20mg Capsule,Omeprazole,20mg
Oxihike TX 250mg Tablet,Acid,250mg
Geterbi 250mg Tablet,Terbinafine,250mg
Nirstat ASP 10 Capsule,Rosuvastatin,10mg
Defocart 6 Tablet,Deflazacort,6mg
Oncon 4mg Tablet,Ondansetron,4mg
Telukast 5mg Chewable Tablet,Montelukast,5mg
Taregyl 1mg Tablet,Clemastine,1mg
Rebipla 20mg Tablet,Rabeprazole,20mg
Tapendol 50mg Tablet,Tapentadol,50mg
Rabigat 20mg Tablet,Rabeprazole,20mg
Atorlip-F 5mg/160mg Tablet,Atorvastatin,5mg
Efetil Tablet Orange Sugar Free,Acetylcysteine,600mg
Wowmox 125mg Tablet DT,Amoxycillin,125mg
Windox 200mg Tablet DT,Proxetil,200mg
Alleto-FM Tablet,Montelukast,10mg
Ar-Tan AM Tablet,Telmisartan,40mg
Saclot 500mg Tablet,Ethamsylate,500mg
Rawcid D 30mg/20mg Tablet SR,Domperidone,30mg
Aleczine 5mg Tablet,Levocetirizine,5mg
Telspade Trio Tablet,Telmisartan,40mg
Ofloxyl OZ 200mg/500mg Tablet,Ofloxacin,200mg
Metacure Ipr 850mg Tablet,Metformin,850mg
Oflorex 200mg Tablet,Ofloxacin,200mg
Mitypod CV 200mg/125mg Tablet,Proxetil,200mg
Escilax 5mg Tablet,Oxalate,5mg
Eramoxy 500mg Capsule,Amoxycillin,500mg
Benatin 300mg/500mcg Tablet,Gabapentin,300mg
Concerta 36mg Tablet,Methylphenidate,36mg
Ticaconic 60mg Tablet,Ticagrelor,60mg
Narizine 10mg Tablet,Flunarizine,10mg
Garnipen-NT Tablet,Gabapentin,200mg
Ambifol-Dha Soft Gelatin Capsule,Folate,1mg
Rifagold 400 Tablet,Rifaximin,400mg
Azilok 250 Tablet,Azithromycin,250mg
Etrax 60mg Tablet,Etoricoxib,60mg
Esipam LS 0.25mg/5mg Tablet,Clonazepam,0.25mg
Inaciklo MR 100mg/325mg/250mg Tablet,Aceclofenac,100mg
Rabinex LS 75mg/20mg Capsule,Levosulpiride,75mg
Prolam 0.25mg/2mg Tablet,Alprazolam,0.25mg
Aristan Forte Tablet,Aceclofenac,100mg
Levozit 5mg Tablet,Levocetirizine,5mg
Rutuflu 150mg Tablet,Fluconazole,150mg
Penom Clav 500mg/125mg Tablet,Amoxycillin,500mg
Panqt-DSR Capsule,Domperidone,30mg
Olmepen H 12.5mg/20mg Tablet,Hydrochlorothiazide,12.5mg
Telista-CH 80 Tablet,Telmisartan,80mg
Omnipin D 10mg/20mg Capsule,Domperidone,10mg
Thyrex 100mcg Tablet,Thyroxine,100mcg
Motofit LC Tablet,Levocetirizine,5mg
Ondoguard 4mg Tablet MD,Ondansetron,4mg
Axocilin CV 375 Tablet,Amoxycillin,250mg
Muscogen 100mg/4mg Tablet,Aceclofenac,100mg
Levnix 500mg Tablet,Levofloxacin,500mg
Amlolife T 40mg/5mg Tablet,Telmisartan,40mg
Matilda PG  ER Tablet,Methylcobalamin,1500mcg
Bigcef-CV 375 Tablet,Cefuroxime,250mg
Pantonine D 30mg/40mg Capsule SR,Domperidone,30mg
Ditim MF 80mg/250mg Tablet,Drotaverine,80mg
Azitis 500 Tablet,Azithromycin,500mg
Gestabro 40mg Tablet,Isoxsuprine,40mg
Dilzor 90mg Tablet,Diltiazem,90mg
Tamsoprost 0.4mg Tablet,Tamsulosin,0.4mg
Rabiway 20mg Tablet,Rabeprazole,20mg
Lemolate Gold  Tablet,Caffeine,30mg
Mecoar G 300mg/500mcg Capsule,Gabapentin,300mg
Axcetam 800mg Tablet,Piracetam,800mg
Rotoz D 30mg/20mg Capsule SR,Domperidone,30mg
Dulpride 200mg Tablet,Amisulpride,200mg
Traal P 37.5mg/325mg Tablet,Tramadol,37.5mg
Dirend TZ 400mg/600mg Tablet,Norfloxacin,400mg
Eurosar 50mg Tablet,Losartan,50mg
Acherox Thio 100mg/4mg Tablet,Aceclofenac,100mg
Drotalac 80mg/250mg Tablet,Drotaverine,80mg
Exudol P 50mg/15mg Tablet,Diclofenac,50mg
Sitatru M Tablet 50mg/500mg,Sitagliptin,50mg
Gravipiride M 3 Tablet PR,Glimepiride,3mg
Back 5mg Tablet,Baclofen,5mg
Mucozest-AB Tablet,Acebrophylline,100mg
Alsigra 25mg Tablet,Sildenafil,25mg
Ofal C2 Tablet,Cefixime,200mg
Gacin OZ 200mg/500mg Tablet,Gatifloxacin,200mg
Furoximin 250mg Tablet,Cefuroxime,250mg
Levxone 250mg Tablet,Levofloxacin,250mg
Zytrax 200mg Tablet,Cefixime,200mg
decoLIC 2mg/20mg Tablet,Diazepam,2mg
Montrizin 10mg Tablet,Levocetirizine,10mg
Lexzin FX 10mg/120mg Tablet,Montelukast,10mg
Spec OZ 200mg/500mg Tablet,Ofloxacin,200mg
Tyganac-SP Tablet,Aceclofenac,100mg
Acinimide-Spas 20mg/100mg Tablet,Dicyclomine,20mg
Eptil 5mg Tablet,Baclofen,5mg
Pemozo-D Capsule,Domperidone,10mg
LVC 5mg Tablet,Levocetirizine,5mg
Abclopid 75 Tablet,Clopidogrel,75mg
Glimiprime-M2 Forte Tablet PR,Glimepiride,2mg
Tilcon 250mg Tablet,Ticlopidine,250mg
Nuhexy 2mg Tablet,Trihexyphenidyl,2mg
Athdoxy LB 100mg Capsule,Doxycycline,100mg
L Monto Kid 2.5mg/4mg Tablet,Levocetirizine,2.5mg
Pan Kool 40mg Tablet,Pantoprazole,40mg
Rutonz 90mg/48mg/100mg Tablet,Bromelain,90mg
Glycomet-GP 1/850 Tablet PR,Glimepiride,1mg
Ecitru Plus Tablet,Clonazepam,0.25mg
Best-Beta-AM 5mg/50mg Tablet,Amlodipine,5mg
Acricop 50mg Tablet,Acarbose,50mg
Alfenac Spas 80mg/100mg Tablet,Drotaverine,80mg
Novamox 250 DT Tablet,Amoxycillin,250mg
Jisarto 50mg Tablet,Losartan,50mg
Artica 750mg Capsule,Glucosamine,750mg
Flaheal 6mg Tablet,Deflazacort,6mg
Behop 8mg Tablet,Betahistine,8mg
Diabifence 500mg Tablet,Metformin,500mg
OXRAmet G 5mg/2mg/500mg Tablet,Dapagliflozin,5mg
Montash-LC Tablet,Levocetirizine,5mg
Despata 10mg Tablet,Baclofen,10mg
Diselt 50mg Capsule,Diacerein,50mg
Nervneed P 1500mg/75mg Tablet SR,Methylcobalamin,1500mg
Candid-V 200mg Tablet VT,Clotrimazole,200mg
Hubec-P Tablet,Aceclofenac,100mg
Philpan 40mg Tablet,Pantoprazole,40mg
Metroase 200mg Tablet,Metronidazole,200mg
Myzolix 200 Tablet DT,Cefixime,200mg
Ursotas 300mg Tablet,Acid,300mg
Buscomide P 10mg/325mg Tablet,Paracetamol,325mg
Venzin M 5mg/10mg Tablet,Levocetirizine,5mg
Calcitrol Capsule,Calcitriol,0.25mcg
Mesi-D Capsule PR,Domperidone,30mg
Acewalk Plus Tablet,Aceclofenac,100mg
Gitrak 50mg Tablet,Itopride,50mg
Drosil Nim 100mg/325mg Tablet,Nimesulide,100mg
Moxvide-CV 375 Tablet,Amoxycillin,250mg
Stiller-P Tablet,Aceclofenac,100mg
Pretor-M Tablet,Acid,200mg
Benfowag-CD3 Tablet,Acid,100mg
Diplifast 50mg/325mg/10mg Tablet,Diclofenac,50mg
Rechcort 6mg Tablet,Deflazacort,6mg
StayHappi Pregabalin+Nortriptyline+Methylcobalamin 75mg/10mg/1500mcg Tablet,Pregabalin,75mg
Biaxe 500mg Tablet,Cefuroxime,500mg
Isoperio 10mg Capsule,Isotretinoin,10mg
Orthodol Plus Tablet,Aceclofenac,100mg
Mirluk 15 Tablet MD,Mirtazapine,15mg
Stompraz-LS 75mg/20mg Capsule,Levosulpiride,75mg
INUbloc 5 Tablet,Bisoprolol,5mg
Keptil 200mg Tablet,Proxetil,200mg
Livgall 300mg Tablet,Acid,300mg
Mizotron 4mg Tablet MD,Ondansetron,4mg
Spasmosil Forte Tablet,Acid,500mg
Osonik 50mg Tablet,Artesunate,50mg
G-Panase 25000 Capsule,Pancreatin,300mg
Fullact 150mg Tablet,Fluconazole,150mg
Etocon-TH Tablet,Etoricoxib,60mg
N Able 625 mg Tablet,Amoxycillin,500mg
Mefamol 10mg/325mg/250mg Tablet,Dicyclomine,10mg
Zimfee TP 4mg/100mg/325mg Tablet,Thiocolchicoside,4mg
Omzid-D Capsule,Domperidone,10mg
Rabzom IT 20mg/150mg Capsule SR,Rabeprazole,20mg
Maxtan-AM 50mg/5mg Tablet,Losartan,50mg
Penta First L 75mg/40mg Capsule SR,Levosulpiride,75mg
Zurvast 20mg Tablet,Rosuvastatin,20mg
Esosam RD Capsule,Domperidone,30mg
Omifred-D Capsule,Domperidone,30mg
Kiagaba N 400mg/10mg Tablet,Gabapentin,400mg
Nervz NT Tablet SR,Pregabalin,75mg
Levocrew 5mg Tablet,Levocetirizine,5mg
Acroze 100mg Tablet,Aceclofenac,100mg
Unisam 400mg Tablet,Ademetionine,400mg
Septid 10mg Tablet,Serratiopeptidase,10mg
Apufix 200mg Tablet,Cefixime,200mg
Lyfur 250 Tablet DT,Cefuroxime,250mg
Onamox P 125mg Tablet,Amoxycillin,125mg
Mefacid 500mg Tablet,Acid,500mg
TP-Care Tablet,Tramadol,37.5mg
Mecoindia P-75 Tablet,Methylcobalamin,750mcg
Prasmol FP 100mg/325mg Tablet,Flupirtine,100mg
Instaglip 50mg Tablet,Vildagliptin,50mg
Dsp-XT Tablet,Doxylamine,20mg
Rabenes-L Capsule SR,Levosulpiride,75mg
Gosofab Tablet 200mg,Faropenem,200mg
Nogaba-NT 100 Tablet,Gabapentin,100mg
Lobazam 10mg Tablet,Clobazam,10mg
Etorifine-TH 4 Tablet,Etoricoxib,60mg
Lutranex M 500mg/250mg Tablet,Acid,500mg
Rozodom D 30mg/20mg Capsule SR,Domperidone,30mg
Telsar AMH 80mg/5mg/12.5mg Tablet,Telmisartan,80mg
Nalotol 100mg Tablet,Atenolol,100mg
Rosid F 160mg/10mg Tablet,Fenofibrate,160mg
Vogli Trio 0.3 Tablet SR,Voglibose,0.3mg
Alzo 0.5mg Tablet,Alprazolam,0.5mg
Mexflox OZ 200mg/600mg Tablet,Ofloxacin,200mg
IBUgesic Plus NF 50mg/500mg Tablet,Diclofenac,50mg
Volicure 0.2mg Tablet,Voglibose,0.2mg
Tenliglipt M 500mg/20mg Tablet,Metformin,500mg
Seilo 2mg Tablet,Clonazepam,2mg
StayHappi Albendazole 400mg Tablet,Albendazole,400mg
Rivastar 20mg Tablet,Rivaroxaban,20mg
Dariten OD 7.5mg Tablet PR,Darifenacin,7.5mg
Larsmont-L Tablet,Levocetirizine,5mg
Neuroris-PG Capsule,Methylcobalamin,750mcg
Finacast M 10mg/120mg Tablet,Montelukast,10mg
Rosgrel CV 10mg/75mg Tablet,Rosuvastatin,10mg
Depryl 50mg Tablet,Trazodone,50mg
Fibisafe 25mg Tablet,Mifepristone,25mg
P Lin 75mg Tablet,BIOTECHPregabalin,75mg
Oflomac OZ Tablet,Ofloxacin,200mg
Orcipod-L 200mg/250mg Tablet,Proxetil,200mg
Impress A 0.25 mg/25 mg Tablet,Alprazolam,0.25mg
Dapnex 30mg Tablet,Dapoxetine,30mg
Doxef 200mg Tablet,Proxetil,200mg
Etody 90 Tablet,Etoricoxib,90mg
Oxbaze 150 Tablet,Oxcarbazepine,150mg
EROSTIN 20MG TABLET,Ebastine,20mg
Glucodex-Total Tablet,Glimepiride,2mg
Semef-TR Tablet,Acid,500mg
Terbibet 250 Tablet,Terbinafine,250mg
Endax 0.5mg Tablet,Alprazolam,0.5mg
Utlrabloc 500mg/250mg Tablet,Acid,500mg
Soxitech Tablet,Isoxsuprine,40mg
Cefufine CV 500mg/125mg Tablet,Cefuroxime,500mg
Apixator 5 Tablet,Apixaban,5mg
Itrez 100 Capsule,Itraconazole,100mg
Sirab 20mg Tablet,Rabeprazole,20mg
Moxyben LB 500mg/125mg Tablet,Amoxycillin,500mg
Flec 50mg Tablet,Levofloxacin,50mg
F zole 150mg Tablet,Fluconazole,150mg
Pantoamp D 30mg/40mg Capsule SR,Domperidone,30mg
Bpgo Trio 40mg/5mg/12.5mg Tablet,Telmisartan,40mg
Sera 50mg Tablet SR,Quetiapine,50mg
Hydrolis 200mg Tablet,Hydroxyquinolines,200mg
Nimskii MR 250mg/50mg/325mg Tablet,Chlorzoxazone,250mg
Xengut 400mg Tablet,Rifaximin,400mg
Pantiz 40mg Tablet,Pantoprazole,40mg
Ondapen Tablet MD,Ondansetron,4mg
Perotol 450mg Tablet SR,Tolperisone,450mg
Impatine 500mg Tablet,Capecitabine,500mg
Mymifer Tablet,Ascorbate,100mg
Pruflox Tablet,Prulifloxacin,600mg
Zolwing 5 Tablet,Melatonin,3mg
Lisnop-AM 5mg/5mg Tablet,Amlodipine,5mg
Lamgee DT 50 Tablet,Lamotrigine,50mg
Abrofast-NAC Tablet,Acebrophylline,100mg
Duricef 250mg Tablet,Cefadroxil,250mg
Palnius 40mg Tablet,Pantoprazole,40mg
Lvx 750mg Tablet,Levofloxacin,750mg
Packer 650mg Tablet,Paracetamol,650mg
Samfex M 10mg/120mg Tablet,Montelukast,10mg
Oz Be 200mg/500mg Tablet,Ofloxacin,200mg
Zycet M 5mg/10mg Tablet,Levocetirizine,5mg
Progenix Tablet,Tartrate,300mg
Insumark M Forte 1mg/1000mg Tablet SR,Glimepiride,1mg
Debistal M2 Forte Tablet,Glimepiride,2mg
P 750 Tablet,Paracetamol,750mg
Azitik 500 Tablet,Azithromycin,500mg
Piobest 15mg Tablet,Pioglitazone,15mg
Hyaluron 200mg Tablet,Acid,200mg
Dicrose MR Tablet,Chlorzoxazone,250mg
Tilprox 50mg Tablet DT,Proxetil,50mg
Flunz 150mg Tablet,Fluconazole,150mg
Monticope-A Tablet SR,Ambroxol,75mg
Bactwar 200mg/150mg Tablet,Cefixime,200mg
Tusrik AX 75mg/5mg/10mg Tablet,Ambroxol,75mg
Venla -XR 75 capsule,Venlafaxine,75mg
Valnex 200mg Tablet CR,Valproate,200mg
Actamid 250mg Tablet,Acetazolamide,250mg
Voglizar R 1mg/0.3mg Tablet,Repaglinide,1mg
Ista 20mg Capsule,Isotretinoin,20mg
Pregeb M OD 150 Tablet,Methylcobalamin,1500mcg
Raberide LS 75mg/20mg Capsule SR,Levosulpiride,75mg
Medmythro 250mg Tablet,Azithromycin,250mg
Kapzole D 10mg/20mg Capsule,Domperidone,10mg
Non Stop 100mg Tablet,Sildenafil,100mg
Nulis A 5mg/5mg Tablet,Amlodipine,5mg
Amole-AT Tablet,Amlodipine,5mg
Best 3 100 mg/500 mg/15 mg Tablet,Aceclofenac,100mg
Arthrate 10mg Tablet,Methotrexate,10mg
Joykem 200mg Tablet,Amisulpride,200mg
Keydep-Forte 0.5mg/10mg Tablet,Clonazepam,0.5mg
Ebalix 20mg Tablet,Ebastine,20mg
Eurepa 2 Tablet,Repaglinide,2mg
Nerwiza-NT Tablet SR,Pregabalin,75mg
Ozeflox 200 Tablet,Ofloxacin,200mg
DNZ 100 Capsule,Danazol,100mg
Amitrion-G Tablet,Gabapentin,300mg
Livogen Ferrous Fumarate & Folic Acid Captab,Ascorbate,152mg
Zefocef LB 200mg Tablet,Cefixime,200mg
X Din 180mg Tablet,Fexofenadine,180mg
Fexun 180mg Tablet,Fexofenadine,180mg
Mflox OZ H 100mg/250mg Tablet,Ofloxacin,100mg
Rapid 200mg Tablet,Ofloxacin,200mg
Pioglucon 15mg Tablet,Pioglitazone,15mg
Nuprin 300mg Tablet,Dexibuprofen,300mg
Drofi 500mg Tablet,Cefadroxil,500mg
Silokit 4mg Capsule,Silodosin,4mg
Antuc-DSR 30mg/20mg Capsule,Domperidone,30mg
Kipugo SP 100mg/325mg/15mg Tablet,Aceclofenac,100mg
Rasilez Hct 300 mg/12.5 mg Tablet,Aliskiren,300mg
Olmo 20 Tablet,Medoxomil,20mg
Hemocit-P Tablet,Citicoline,500mg
Perinorm Tablet,Metoclopramide,10mg
Toxamin 200mg Tablet,Proxetil,200mg
Repace 100 Tablet,Losartan,100mg
Musran ER 600mg Tablet,Etodolac,600mg
Nebunta 5mg Tablet,Nebivolol,5mg
Molbi 650mg Tablet,Paracetamol,650mg
Realpan D 10mg/40mg Tablet,Domperidone,10mg
Thrombosprin 75mg/75mg Capsule,Aspirin,75mg
Prasuten 10mg Tablet,Prasugrel,10mg
Nicomax 5mg Tablet,Nicorandil,5mg
Qutisan 25 Tablet,Quetiapine,25mg
Am AT 5mg/25mg Tablet,Amlodipine,5mg
Pinodin-TX Tablet,Acid,250mg
Flunaxol 0.5mg Tablet,Flupenthixol,0.5mg
Preg M 750mcg/75mg Tablet,Methylcobalamin,750mcg
Oven OZ 200mg/500mg Tablet,Ofloxacin,200mg
Top Mono 25mg Tablet,Tapentadol,25mg
Lupisulide Tablet,Nimesulide,100mg
Dicvon TBR Tablet,Trypsin,48mg
Nyoflam MR 100mg/325mg/250mg Tablet,Aceclofenac,100mg
Plotel AM 40mg/5mg Tablet,Telmisartan,40mg
Nebitek 5 Tablet,Nebivolol,5mg
Tamixo 0.4OD Tablet,Tamsulosin,0.4mg
Moniva-L Tablet,Levocetirizine,5mg
Enjohelp Help Tablet,Bromelain,90mg
Levodam-M Tablet,Levocetirizine,5mg
Rozcap-F Tablet,Fenofibrate,160mg
Flostart-D Tablet MR,Tamsulosin,0.4mg
Sentral Plus 0.25 mg/25 mg Tablet,Alprazolam,0.25mg
Bil 20mg Tablet,Bilastine,20mg
Switglim-MV 1mg/500mg/0.3mg Tablet,Glimepiride,1mg
Nitrodon 100mg Tablet SR,Nitrofurantoin,100mg
Leafzole D 10mg/20mg Capsule,Domperidone,10mg
Nervtin NT 400mg/10mg Tablet,Gabapentin,400mg
Fexova 180 Tablet,Fexofenadine,180mg
Losapress 25mg Tablet,Losartan,25mg
Gasom D 10mg/20mg Capsule,Domperidone,10mg
Jtrole 200mg Tablet,Itraconazole,200mg
Ofron 400mg Tablet,Ofloxacin,400mg
Texavax 500mg Tablet,Acid,500mg
Drotapan MF 80mg/250mg Tablet,Drotaverine,80mg
Apris 100mg Tablet,Aceclofenac,100mg
MP-Next Tablet,Deflazacort,6mg
Telride 80mg Tablet,Telmisartan,80mg
ZilAST 50 Tablet,Cilostazol,50mg
Zithromycin 250mg Tablet,Azithromycin,250mg
Doxophil 400mg Tablet,Doxofylline,400mg
Rabiboon-Plus Tablet SR,Levosulpiride,75mg
Nimosal P 100mg/325mg Tablet,Nimesulide,100mg
Qutaford 200mg Tablet SR,Quetiapine,200mg
Gidinil 16mg Tablet,Betahistine,16mg
Gattum 250mg Tablet,Cefuroxime,250mg
Nt Frost P Tablet,Caffeine,30mg
Xinglor 12.5mg Tablet,Chlorthalidone,12.5mg
Nanoflam 100mg/325mg Tablet,Aceclofenac,100mg
Finiclot 2.5 Tablet,Apixaban,2.5mg
Lupimectin 12mg Tablet,Ivermectin,12mg
Oflolix-OZ Tablet,Ofloxacin,200mg
Pleorose 10mg Tablet,Rosuvastatin,10mg
Pyrodip-ER 1000mg Tablet SR,Paracetamol,1000mg
Ceflex LB 200mg Tablet,Cefixime,200mg
Xim 250mg Tablet,Cefuroxime,250mg
StayHappi Acebrophylline+Acetylcysteine 100mg/600mg Tablet,Acebrophylline,100mg
Retraflox OZ LB 200mg/500mg Tablet,Ornidazole,500mg
Vbeta 8mg Tablet,Betahistine,8mg
Vilatin Tablet,Vildagliptin,50mg
Linsu SP 100mg/325mg/15mg Tablet,Nimesulide,100mg
Nerviday-LC Tablet,Acid,1.5mg
Cartiflex 100 mg/50 mg Tablet,Aceclofenac,100mg
Duonem 300 ER Tablet,Faropenem,300mg
Arispas 500 Tablet,Azithromycin,500mg
Itcox 90mg Tablet,Etoricoxib,90mg
Malzix-DN Soft Gelatin Capsule,Methylcobalamin,1500mcg
Glycomet-GP 2 Tablet PR,Glimepiride,2mg
Olmenol 20 Tablet,Medoxomil,20mg
Ibugin MR 400mg/325mg/10mg Tablet,Ibuprofen,400mg
ROSUmac Gold Forte 10 Capsule,Aspirin,150mg
Lefheal 10 Tablet,Leflunomide,10mg
Lavrez-XL Tablet,Montelukast,10mg
Mpcort 4mg Tablet,Methylprednisolone,4mg
Phepan D 30mg/40mg Capsule SR,Domperidone,30mg
Grand 100mg Tablet,Sildenafil,100mg
Ezo 200 Tablet,Proxetil,200mg
Etix Plus 60mg/4mg Tablet,Etoricoxib,60mg
Edrive-T Tablet,Tadalafil,2.5mg
Suvastin AC 75mg/10mg/75mg Capsule,Aspirin,75mg
Neodran MF 80mg/250mg Tablet,Drotaverine,80mg
Paradial A 100mg/325mg Tablet,Aceclofenac,100mg
Glimihelp PM 1mg/500mg/15mg Tablet,Glimepiride,1mg
Telzela-Beta 50 Tablet ER,Telmisartan,40mg
Zedcet Tablet,Cetirizine,10mg
Levlomyn 500mg Tablet,Levofloxacin,500mg
Doldel P 100mg/325mg Tablet,Aceclofenac,100mg
Spasse-DM Tablet,Drotaverine,80mg
Leepan 800 Tablet,Piracetam,800mg
Nexa D 30mg/20mg Capsule SR,Domperidone,30mg
Acefliptc 100mg/325mg Tablet,Aceclofenac,100mg
Dydrorose Tablet,Dydrogesterone,10mg
EMpaglyn L 10/5 Tablet,Empagliflozin,10mg
Zolecon D 30mg/40mg Capsule,Domperidone,30mg
Justlina 5 Tablet,Linagliptin,5mg
Bestor 5 Tablet,Rosuvastatin,5mg
Qripep D 30mg/40mg Capsule SR,Domperidone,30mg
Swiclo TH 4mg/100mg/325mg Tablet,Thiocolchicoside,4mg
Rofex 125mg Tablet DT,Cefalexin,125mg
Greynim P 100mg/325mg Tablet,Nimesulide,100mg
Nitcalm 10mg Tablet,Nitrazepam,10mg
Aispas 10mg/25mg Tablet,LLPDicyclomine,10mg
Montivib LC Kid 4mg/2.5mg Tablet,Levocetirizine,4mg
Mefesun Forte Tablet,Acid,250mg
Tripride 2 HV Tablet SR,Glimepiride,2mg
Dapaink 10 Tablet,Dapagliflozin,10mg
Nadpod-CV Tablet,Proxetil,200mg
Auzpep D 50mg/10mg Tablet,Diclofenac,50mg
Meftawor 10mg/250mg Tablet,Dicyclomine,10mg
Rebizole LS 75mg/20mg Capsule SR,Levosulpiride,75mg
Tofajak-IN 5mg Tablet,Tofacitinib,5mg
Azecas LB 500mg Tablet,Azithromycin,500mg
Esonip L Capsule SR,Levosulpiride,75mg
Zee 1mg Tablet,Clonazepam,1mg
Anicoba-G 300mg/500mcg Tablet,Gabapentin,300mg
Etorock 60mg Tablet,Etoricoxib,60mg
Abromycin 500mg Tablet,Azithromycin,500mg
Betaceﬁ 100mg Tablet DT,Cefixime,100mg
Teloris 40mg Tablet,Telmisartan,40mg
Sydros 10mg Tablet,Rosuvastatin,10mg
Pantogid D 10mg/40mg Tablet,Domperidone,10mg
Acora 90mg Tablet,Ticagrelor,90mg
Genericart Ofloxacin+Ornidazole 200mg/500mg Tablet,Ofloxacin,200mg
Histamex 120mg Tablet,Fexofenadine,120mg
Tenormin 25 Tablet,Atenolol,25mg
Neurogesic Tablet,Diclofenac,50mg
Xclav 500mg/125mg Tablet,Amoxycillin,500mg
Panple-DSR Capsule,Domperidone,30mg
Accecloin SP 100mg/325mg/10mg Tablet,Aceclofenac,100mg
Isomust 40mg Tablet SR,Isoxsuprine,40mg
Safenac 100mg Tablet,Aceclofenac,100mg
Levogl Tablet,Levocetirizine,5mg
Neonac Plus Tablet,Aceclofenac,100mg
Essasin 400mg Tablet,Ofloxacin,400mg
Diclofit S 50mg/10mg Tablet,Diclofenac,50mg
Gbcare-NT Tablet,Gabapentin,400mg
Acesearch SP 100mg/325mg/15mg Tablet,Aceclofenac,100mg
Alphoxim 100mg Tablet DT,Cefixime,100mg
Asclavmox CLB Tablet,Amoxycillin,500mg
Gaddy SP 50mg/325mg/10mg Tablet,Diclofenac,50mg
Seraze 20mg Tablet,Serratiopeptidase,20mg
Ivermeg 12mg Tablet,Ivermectin,12mg
Rabzaris-D Tablet,Domperidone,10mg
Dicy M 10mg/250mg Tablet,Dicyclomine,10mg
Oflog 200mg Tablet,Ofloxacin,200mg
Naval 1000mg Tablet ER,Divalproex,1000mg
Slimdap S Tablet,Dapagliflozin,10mg
Rabifog D 30mg/20mg Capsule SR,Domperidone,30mg
Ride M Forte 3mg/1000mg Tablet,Glimepiride,3mg
Thera-P DSR Capsule,Domperidone,30mg
Mahanow-P 100mg/325mg Tablet,Nimesulide,100mg
Exermet 1000 Tablet SR,Metformin,1000mg
Febucell 40mg Tablet,Febuxostat,40mg
Prickdol P 100mg/325mg Tablet,Aceclofenac,100mg
Escinic 10 Tablet,Oxalate,10mg
Ryze 4mg Nicotine Gum Fruit Blast,Nicotine,4mg
Indaxin B6 10 mg/10 mg Tablet,Doxylamine,10mg
Refsav 24mg/26mg Tablet,Sacubitril,24mg
Furatop Tablet,Metronidazole,200mg
Orsova 300 Tablet,Acid,300mg
Dapakem 10 Tablet,Dapagliflozin,10mg
Mallergy-LM Tablet,Levocetirizine,5mg
Telmimac M 40mg/50mg Tablet ER,Telmisartan,40mg
Janucea 100mg Tablet,Sitagliptin,100mg
Jeetac 300 Tablet,Ranitidine,300mg
Halidace 0.25mg Tablet,Haloperidol,0.25mg
Carilift 4.5mg Capsule,Cariprazine,4.5mg
Wytorab 20 Tablet,Rabeprazole,20mg
Fineheal-D Tablet,Trypsin,48mg
Levacloz 250 mg/500 mg Tablet,Levofloxacin,250mg
Merofer XT Tablet,Iron,100mg
Inzole D 10mg/40mg Tablet,Domperidone,10mg
VIlazine 20 Tablet,Vilazodone,20mg
Miz 15 Tablet MD,Mirtazapine,15mg
Amstar AT 5mg/50mg Tablet,Amlodipine,5mg
Sancita 20mg Tablet,Oxalate,20mg
Lucidol MR 100mg/325mg/250mg Tablet,Aceclofenac,100mg
Tebrosal Tablet,Bromhexine,8mg
Febotia 40mg Tablet,Febuxostat,40mg
Medipod 200mg Tablet,Proxetil,200mg
Telmilen-CT Tablet,Telmisartan,40mg
Corfex-M Tablet,Montelukast,10mg
Alyclav 625 Tablet,Amoxycillin,500mg
Adementis 5mg Tablet,Memantine,5mg
Nimip-S 100mg/10mg Tablet,Nimesulide,100mg
Mediflaz 6 Tablet,Deflazacort,6mg
Glemin M 2mg/500mg Tablet,Glimepiride,2mg
Minimax 400mg Tablet,Ofloxacin,400mg
Racia TH 100mg/4mg Tablet,Aceclofenac,100mg
Glicton-M 80mg/500mg Tablet,Gliclazide,80mg
Chemcold Plus Tablet,Caffeine,25mg
Frankoban 2.5mg Tablet,Apixaban,2.5mg
Esoman L 75mg/40mg Capsule SR,Levosulpiride,75mg
Safeact 100mg/500mg Tablet,Aceclofenac,100mg
Tamcrez D 0.4mg/0.5mg Tablet,Tamsulosin,0.4mg
Ten M 20mg/500mg Tablet,Metformin,500mg
Pale D 30mg/40mg Capsule SR,Domperidone,30mg
Ondashan 8mg Tablet,Ondansetron,8mg
Waltryp-XL 25mg/10mg Tablet,Amitriptyline,25mg
Ufigesic T 60mg/4mg Tablet,Etoricoxib,60mg
Giniflox-OZ Tablet,Ofloxacin,200mg
Schizol 5mg Tablet,Olanzapine,5mg
Glotel 40mg/12.5mg Tablet,Telmisartan,40mg
Parabenz 650mg Tablet,Paracetamol,650mg
Oflen Oz 200mg/500mg Tablet,Ofloxacin,200mg
Inflacare S Tablet,Diclofenac,30mg
Dor-Mox 500 Capsule,Amoxycillin,500mg
Levolexi M 5mg/10mg Tablet,Levocetirizine,5mg
Zeroach 5mg Tablet,Flunarizine,5mg
Rabenest 20mg Tablet,Rabeprazole,20mg
Folgest 200mg Tablet,Progesterone,200mg
Proace 5mg Capsule,Ramipril,5mg
Ultricobal P 750mcg/75mg Capsule,Methylcobalamin,750mcg
Wyziz 250mg Tablet,Azithromycin,250mg
Droway DM 80mg/250mg Tablet,Drotaverine,80mg
Gastropen 20mg Tablet,Cisapride,20mg
Qutace 200mg Tablet,Quetiapine,200mg
Tel 8 800mg Tablet,Ethambutol,800mg
Olpiz 5mg Tablet MD,Olanzapine,5mg
Mysolon M 16mg Tablet,Methylprednisolone,16mg
S-Adimer 200 Tablet,Tosylate,200mg
Medfor GP 2mg Tablet,Glimepiride,2mg
Nervedol Tablet SR,Methylcobalamin,1500mcg
Abmolac Tablet,Amoxycillin,500mg
Genericart Nifedipine 20mg Tablet SR,Nifedipine,20mg
Nimpain-P Tablet,Nimesulide,100mg
Monocortil 10mg Tablet,Prednisolone,10mg
Gapen-M 300mg/500mcg Tablet,Gabapentin,300mg
Fumexit-DSR Capsule,Domperidone,30mg
Goodmycin 250 Tablet,Azithromycin,250mg
Rosudus Gold 75mg/10mg/75mg Capsule,LLPAspirin,75mg
Ramigal 2.5mg Tablet,Ramipril,2.5mg
Sitaglize-M 50/1000 Tablet,Sitagliptin,50mg
Klawcef 500mg Tablet,Cefuroxime,500mg
Pented LS Capsule SR,Levosulpiride,75mg
Pindep 10mg Tablet,Dosulepin,10mg
Depaxil CR 25 Tablet,Paroxetine,25mg
Labvert 8mg Tablet,Betahistine,8mg
Flanzen DP Tablet,Diclofenac,50mg
Finezole Tablet,Fluconazole,150mg
Flotome 200mg Tablet,Sparfloxacin,200mg
Acewik P 100mg/325mg Tablet,Aceclofenac,100mg
Raligesic-MR Tablet,Chlorzoxazone,250mg
Toptada 5 Tablet,Tadalafil,5mg
Serima-NN Tablet,Aceclofenac,100mg
Quarthin 300mg Tablet,Acid,300mg
Nervistar-NT 75mg/10mg/1500mcg Tablet,Pregabalin,75mg
Glicopod 100mg Tablet DT,Proxetil,100mg
Upcort 6mg Tablet,Deflazacort,6mg
Angibeta 25mg Tablet XL,Tartrate,25mg
Azysafe 1000mg Tablet,Azithromycin,1000mg
Acp SP 100 mg/500 mg/15 mg Tablet,Aceclofenac,100mg
Divaa 250 Tablet,Divalproex,250mg
DIurator 20mg Tablet,Torasemide,20mg
Metflix 50mg Tablet,Succinate,50mg
Urinorm 200mg Tablet,Flavoxate,200mg
Xim Turbo 250mg Tablet,Cefuroxime,250mg
Prednosis 16mg Tablet,Methylprednisolone,16mg
Hapytel H 80mg/12.5mg Tablet,Telmisartan,80mg
Wildom CV 200mg/125mg Tablet,Proxetil,200mg
Ultiflam SP Tablet,Aceclofenac,100mg
FM Sure 0.5mg/10mg Tablet,Flupenthixol,0.5mg
Autinea 1 Tablet MD,Risperidone,1mg
Stenac S 50mg/10mg Tablet,Diclofenac,50mg
Etansu-RTL 80mg/480mg Tablet,Artemether,80mg
Nimunox SP 100mg/325mg/15mg Tablet,Nimesulide,100mg
Naaz Plus 0.5 mg/20 mg Tablet,Clonazepam,0.5mg
Omzed 20 Capsule,Omeprazole,20mg
Dapacure M 10mg/500mg Tablet,Dapagliflozin,10mg
Selmol 650mg Tablet,Paracetamol,650mg
Ezenon-P4 Tablet,Pitavastatin,2mg
Pantakure D 10mg/20mg Tablet,Domperidone,10mg
Fuziclox Kid 125 mg/125 mg Tablet,Amoxycillin,125mg
Giathro 500mg Tablet,Azithromycin,500mg
Soricap 25mg Capsule,Acitretin,25mg
Gentocef O Tablet,Proxetil,200mg
Pentik 40mg Tablet,Pantoprazole,40mg
Dynapres 0.4 Capsule PR,Tamsulosin,0.4mg
Pantagos D 30mg/40mg Capsule SR,Domperidone,30mg
Maxcio-P Capsule,Methylcobalamin,750mcg
Xoxe LZ Tablet,Cefuroxime,500mg
Steppi 20mg Tablet,Rabeprazole,20mg
Riuptak 10 Tablet,Oxalate,10mg
Geopril 5mg Tablet,Ramipril,5mg
Flurish Tablet,Acid,150mg
Prestiq 50 Tablet ER,Desvenlafaxine,50mg
Gabanerve NT 400mg/10mg Tablet,Gabapentin,400mg
Tremendus Plus Tablet,Aceclofenac,100mg
Acfeo MR 100mg/325mg/250mg Tablet,Aceclofenac,100mg
Fpx N 0.5mg/10mg Tablet,Flupenthixol,0.5mg
Secremax Tablet,Clidinium,2.5mg
Rifavil 200mg Tablet,Rifaximin,200mg
Preamp 40 Tablet,Pantoprazole,40mg
Nimsangp 100mg Tablet,Nimesulide,100mg
Alofenc P 100mg/325mg Tablet,Aceclofenac,100mg
Trbinox 250mg Tablet,Terbinafine,250mg
Pth 30 Tablet,Cinacalcet,30mg
Sitaclass M 50/1000 Tablet,Sitagliptin,50mg
Alprax 1.5mg Tablet SR,Alprazolam,1.5mg
Zopan 40mg Tablet,Pantoprazole,40mg
Etrodax MR 60mg/4mg Tablet,Etoricoxib,60mg
Flaxo 200mg Tablet,Flavoxate,200mg
Olmetrol 40mg Tablet,Medoxomil,40mg
Metsolin 4 Tablet,Methylprednisolone,4mg
Emeetel 20mg Tablet,Telmisartan,20mg
Exirox 120mg Tablet,Etoricoxib,120mg
Evelimus 5mg Tablet,Everolimus,5mg
Xpom CV 200 mg/125 mg Tablet,Proxetil,200mg
Relicalm Plus 10 mg/2 mg Tablet,Trifluoperazine,10mg
Avotel 40mg Tablet,Telmisartan,40mg
Pandoze-DSR Capsule,Domperidone,30mg
OlmIN Trio Tablet,Medoxomil,20mg
Lorasan 25mg Tablet,Losartan,25mg
Srorab LS 75mg/20mg Capsule SR,Levosulpiride,75mg
Trigluwin 1mg/500mg/15mg Tablet SR,Glimepiride,1mg
Gliclize Total 60mg/15mg/500mg Tablet SR,Gliclazide,60mg
Alphabert Tablet,Artemether,80mg
Pancee 40mg Tablet,Pantoprazole,40mg
Glimapex M 2mg/500mg Tablet,Glimepiride,2mg
Sadic 50mg/10mg Tablet,Diclofenac,50mg
Folplus 2.8mg/2mg/25mg Tablet,Folate,2.8mg
Keepmet T 40mg/50mg Tablet,Telmisartan,40mg
ALday 10mg Tablet,Cetirizine,10mg
Dicloace SP Tablet,Diclofenac,50mg
Isozen 20mg Soft Gelatin Capsule,Isotretinoin,20mg
Isonix 20mg Capsule,Isotretinoin,20mg
Flemipen 250mg Tablet DT,Amoxycillin,250mg
Otarclav 500mg/125mg Tablet,Amoxycillin,500mg
Jusgo 100mg/500mg Tablet,Aceclofenac,100mg
ARPITOR 20MG TABLET,Atorvastatin,20mg
Ariclo P 100mg/325mg Tablet,Aceclofenac,100mg
Kvlevo Tablet,Levocetirizine,5mg
Acronac PT 4mg/100mg/325mg Tablet,Thiocolchicoside,4mg
Pregeb 100mg Tablet,Pregabalin,100mg
Famowal 40mg Tablet,Famotidine,40mg
Artofa 5mg Tablet,Tofacitinib,5mg
OD Capsule,Domperidone,10mg
Reotran-ES Tablet,Acid,250mg
Bowster Tablet,Aceclofenac,100mg
Amaryl 2mg Tablet,Glimepiride,2mg
Floxiquin 200mg Tablet,Ofloxacin,200mg
Telmicas AM 40mg/5mg Tablet,Telmisartan,40mg
Gasolense-DSR Capsule,Domperidone,30mg
Phylosafe AM 400mg/30mg Tablet,Doxofylline,400mg
Olisur F 20mg/5mg Tablet,Fluoxetine,20mg
Fulmood 0.5mg Tablet,Flupenthixol,0.5mg
Lebact 500mg Tablet,Levofloxacin,500mg
Atorvia Gold 75mg/20mg/75mg Tablet,Aspirin,75mg
Oflolyn 200mg Tablet,Ofloxacin,200mg
Petor MR 60mg/4mg Tablet,Etoricoxib,60mg
Faropair 200 Tablet,Faropenem,200mg
Cilnikem 10 Tablet,Cilnidipine,10mg
Womclav 250 mg/125 mg Tablet,Amoxycillin,250mg
Sigma CT 500 mg/600 mg Tablet,Ciprofloxacin,500mg
Betalar 0.5mg Tablet,Betamethasone,0.5mg
Pylonorm Tablet,Clidinium,2.5mg
Mendtryp Tablet,Trypsin,48mg
Getcin 200 Tablet,Ofloxacin,200mg
Dabisun-DSR Capsule,Domperidone,30mg
Monkezin Kid 2.5mg/4mg Tablet,Levocetirizine,2.5mg
Olmits 20mg Tablet,Medoxomil,20mg
Avopact-XL Tablet,Aceclofenac,100mg
Olvance-AM 40 Tablet,Medoxomil,40mg
Ossa Fit Tablet,Glucosamine,750mg
Montiva L 5mg/10mg Tablet,Levocetirizine,5mg
Zelcet 10mg Tablet,Cetirizine,10mg
Doxynor F 20mg/20mg/5mg Tablet,Doxylamine,20mg
Tolnexa-SR 450 Tablet,Tolperisone,450mg
Novogesic P Tablet,Nimesulide,100mg
Dsulide 100mg Tablet,Nimesulide,100mg
Metrate XL 50 Tablet,Succinate,50mg
Axeclo-S Tablet,Aceclofenac,100mg
Pantool 40 Tablet,Pantoprazole,40mg
Dorcet Tablet,Cetirizine,10mg
Glimsay M4 Forte Tablet SR,Glimepiride,4mg
Esobit-DSR Capsule,Domperidone,30mg
Zeplatt-NT Tablet,Gabapentin,400mg
Sanlid Plus 100mg/325mg Tablet,Nimesulide,100mg
Kolimef D 10mg/250mg Tablet,Dicyclomine,10mg
Misat-H Tablet,Telmisartan,40mg
Zero Pain SP 50mg/325mg/15mg Tablet,Diclofenac,50mg
Mesalmile OD Tablet ER,Mesalazine,1200mg
Dixrey MR 250mg/50mg/325mg Tablet,Chlorzoxazone,250mg
Ondenstar 4mg Tablet MD,Ondansetron,4mg
Amlovas-AT 25 Tablet,Amlodipine,5mg
Neolin M 750mcg/75mg Capsule,Methylcobalamin,750mcg
Azitora 500 Tablet,Azithromycin,500mg
Afenasol 0.5mg Tablet,Flupenthixol,0.5mg
Fenkind R 200mg/20mg Tablet SR,Aceclofenac,200mg
Amimide 40mg/5mg Tablet,Furosemide,40mg
Moxitrac CV 500mg/125mg Tablet,Amoxycillin,500mg
Exidom 30mg/40mg Capsule,Domperidone,30mg
Azeerest 500mg Tablet,Azithromycin,500mg
Anxirance Tablet,Flupenthixol,0.5mg
Rabozan L 75mg/20mg Capsule,Levosulpiride,75mg
Penrab-D Tablet,Domperidone,10mg
Aripraz 20mg Tablet,Aripiprazole,20mg
Actmin 650mg Tablet,Paracetamol,650mg
Rabinith-L Capsule SR,Levosulpiride,75mg
Urimab D 0.4mg/0.5mg Tablet,Tamsulosin,0.4mg
Sugamet MC 500 Tablet SR,Metformin,500mg
Raremet G 2mg/500mg Tablet,Glimepiride,2mg
Alfim 5mg Tablet,Allylestrenol,5mg
Elbose Trio Tablet,Glimepiride,1mg
Amlomet 10mg/50mg Tablet SR,Amlodipine,10mg
Udrup Tablet,Acid,300mg
Baciflox OZ 200mg/500mg Tablet,Ofloxacin,200mg
Prease-NM Tablet,Pregabalin,75mg
Acotop 300mg Tablet ER,Acotiamide,300mg
Lisitec 10mg Tablet,Lisinopril,10mg
Stuzine-D Tablet,Cinnarizine,25mg
Stamlo Trio 40/12.5 Tablet,Telmisartan,40mg
Pantotop 20mg Tablet,Pantoprazole,20mg
Bludrox LB 500 mg/60 mg Tablet,Cefadroxil,500mg
Apostin 20 Tablet,Atorvastatin,20mg
Glucobit GM 2mg/500mg/0.2mg Tablet,Glimepiride,2mg
Shanzen Tablet,Trypsin,48mg
Olanzip 5mg Tablet DT,Olanzapine,5mg
Debra GM Tablet,Diacerein,50mg
Set-M-Kid Tablet DT,Levocetirizine,2.5mg
Griseoderm 375mg Tablet,Griseofulvin,375mg
Lexiaz 500mg Tablet,Azithromycin,500mg
Nuradol 37.5mg/325mg Tablet,Tramadol,37.5mg
Ss Day 10mg Tablet,Oxalate,10mg
Glimfer PM 1mg/500mg/15mg Tablet,Glimepiride,1mg
Parox CR Forte 25mg/0.5mg Tablet,Paroxetine,25mg
Dapazee M 500 XR Tablet,Dapagliflozin,10mg
Pantake 40 Tablet,Pantoprazole,40mg
Statprime 20mg Tablet,Atorvastatin,20mg
RecliDE 40 Tablet,Gliclazide,40mg
Tenestar-M Tablet ER,Metformin,500mg
Filanext M 10mg/120mg Tablet,Montelukast,10mg
Zifi Turbo Tablet,Cefixime,200mg
AW O Tablet,Ofloxacin,200mg
Zithrodox 250mg Tablet,Azithromycin,250mg
Emista Trio 10mg/500mg/100mg Tablet,Dapagliflozin,10mg
Emimont 5mg/10mg Tablet,Levocetirizine,5mg
Acrevit-DPF Tablet,Doxylamine,20mg
Urso Riq 300mg Tablet,Acid,300mg
Vergical Plus Softgel Capsule,Calcitriol,0.25mcg
Apen 40mg Tablet,Pantoprazole,40mg
Febulink 80mg Tablet,Febuxostat,80mg
Ritecef OF 200mg/200mg Tablet,Cefixime,200mg
Quinosar TZ 500mg/600mg Tablet,Ciprofloxacin,500mg
Eplinora 25mg Tablet,Eplerenone,25mg
Acesic-P Tablet,Aceclofenac,100mg
Infla 50mg/500mg Tablet,Diclofenac,50mg
Orbest 500mg Tablet,Ornidazole,500mg
Parotine 25mg Tablet CR,Paroxetine,25mg
Tesunate 50mg Tablet,Artesunate,50mg
Doxe P 75mg Capsule,Doxepin,75mg
Mecofol GB 300mg/500mcg Tablet,Gabapentin,300mg
Dapagliplex S 10/100 Tablet,Dapagliflozin,10mg
Nicoz 3mg Tablet,Acenocoumarol,3mg
Eurobeta 50 Tablet ER,Succinate,50mg
Zel Force 50mg Tablet,Sildenafil,50mg
Renator 10mg Tablet,Torasemide,10mg
Glytop 5mg Tablet SR,Glipizide,5mg
Pansab D 30mg/40mg Capsule SR,Domperidone,30mg
Ezinuro 75mg Tablet SR,Pregabalin,75mg
Tilan H 40mg/12.5mg Tablet,Telmisartan,40mg
Zedrab D 30mg/20mg Capsule SR,Domperidone,30mg
Dezarite 6mg Tablet,Deflazacort,6mg
Esease 20 Tablet,Oxalate,20mg
Renoglenz-OD Tablet,Taurine,500mg
Rabezen D 30mg/20mg Capsule SR,Domperidone,30mg
Liverwin UDC 300mg Tablet,Acid,300mg
Urge Free 200mg Tablet,Flavoxate,200mg
Atpera 650 Tablet,Paracetamol,650mg
Jimical-K2 Softgel Capsule,Calcitriol,0.25mcg
Terbicalm 250mg Tablet,Terbinafine,250mg
Ursopep 300mg Tablet,Acid,300mg
Thenac Plus Tablet,Aceclofenac,100mg
Aceglow SP 100mg/325mg/10mg Tablet,Aceclofenac,100mg
RB-M 5mg/10mg Tablet,Levocetirizine,5mg
PTO D 30mg/40mg Tablet,Domperidone,30mg
Rosumust 10mg Tablet,Rosuvastatin,10mg
Zep 20mg Tablet,Clobazam,20mg
Medatil Tablet,Drotaverine,80mg
Doxyvent Plus 10mg/10mg/2.5mg Tablet,Doxylamine,10mg
Delgerd 40 Tablet,Pantoprazole,40mg
CTD-MT 6.25/50/40 Tablet ER,Chlorthalidone,6.25mg
Alercid M 5mg/10mg Tablet,Levocetirizine,5mg
Triblend VG 2 Tablet ER,Glimepiride,2mg
Panzer TZ Tablet,Ciprofloxacin,500mg
Key 10mg Tablet DT,Ketorolac,10mg
Favilow 200mg Tablet,Favipiravir,200mg
Tipira 25 Tablet,Topiramate,25mg
Tamlocept-D Capsule PR,Tamsulosin,0.4mg
Isotenin 20mg Capsule,Isotretinoin,20mg
Zovirax 200 Tablet,Acyclovir,200mg
Glimj M 1mg/500mg Tablet SR,Glimepiride,1mg
Rabeomed D 30mg/40mg Capsule SR,Domperidone,30mg
Daxydine 0.2mg Tablet,Moxonidine,0.2mg
Asv Vir 400mg Tablet,Acyclovir,400mg
M-Cam 7.5mg Tablet,Meloxicam,7.5mg
Intramoto A 100mg/50000AU Tablet,Aceclofenac,100mg
Mefecad 10mg/250mg Tablet,Dicyclomine,10mg
Axirel D 30mg/40mg Capsule SR,Domperidone,30mg
Rizicep 200mg Tablet,Proxetil,200mg
Dezlorid M Tablet,Desloratadine,5mg
Revolol AM 5mg/25mg Tablet,Amlodipine,5mg
Migrabeta-TR 60 Tablet,Propranolol,60mg
Ledecon Tablet,Ambroxol,60mg
Mytrip 25mg Tablet,Amitriptyline,25mg
Dexlan 30mg Capsule,Dexlansoprazole,30mg
Rosowin 20mg Tablet,Rosuvastatin,20mg
ATR-F Tablet,Atorvastatin,10mg
Maitel 40mg Tablet,Telmisartan,40mg
Gynonys 5mg Tablet,Allylestrenol,5mg
Rebzy DSR Capsule,Domperidone,30mg
Telpin-Trio Tablet ER,Cilnidipine,10mg
Deepex 100 mg/400 mg/32.5 mg Tablet,Nimesulide,100mg
Sectocef 50mg Tablet,Cefixime,50mg
Obitop DM 10mg/40mg Tablet,Domperidone,10mg
Zypine MD 2.5mg Tablet,Olanzapine,2.5mg
Itzhh SB 130mg Capsule,LLPItraconazole,130mg
proLOMET XL 100 Tablet,Succinate,95mg
Etoact 90mg Tablet,Etoricoxib,90mg
Ondew 4mg Tablet MD,Ondansetron,4mg
Limbtop 100mg Tablet,LLPSildenafil,100mg
I-Teranase 100mg Capsule,Itraconazole,100mg
Etor P 60mg/325mg Tablet,Etoricoxib,60mg
Nufenac 50mg Tablet,Diclofenac,50mg
Tacrotaj 1mg Capsule,Tacrolimus,1mg
Sitaglyn D 10mg/100mg Tablet,Dapagliflozin,10mg
Stubicort 6 Tablet,Deflazacort,6mg
Numlotor 2.5 mg/10 mg Tablet,Amlodipine,2.5mg
Rosecure 40mg Tablet,Rosuvastatin,40mg
Aplead SP 100mg/325mg/15mg Tablet,Aceclofenac,100mg
Aripralar 10mg Tablet,Aripiprazole,10mg
Oasulate TX 250mg/250mg Tablet,Acid,250mg
Kancet L 5mg Tablet,Levocetirizine,5mg
Skamol D Tablet,LLPDiclofenac,50mg
Okacoxib T 60mg/4mg Tablet,Etoricoxib,60mg
Nucan 200mg Tablet,Fluconazole,200mg
Raptas-L Capsule SR,Levosulpiride,75mg
Omzed D Capsule,Domperidone,10mg
Opax 200mg Tablet,Ofloxacin,200mg
Naprosmile D 500mg/10mg Tablet,Naproxen,500mg
Linzaro 600mg Tablet,Linezolid,600mg
Cosam 400 Tablet,Ademetionine,400mg
Mitycef 100mg Tablet DT,Proxetil,100mg
Biplatt A 75mg/75mg Capsule,Aspirin,75mg
Flocetam 400mg Tablet,Piracetam,400mg
Loroquin 250 Tablet,Chloroquine,250mg
Excemet 25mg Tablet XL,Succinate,25mg
Spartal 200mg Tablet,Sparfloxacin,200mg
Dapixa-L Tablet,Dapagliflozin,10mg
Hydronix 25mg Tablet,Hydroxyzine,25mg
Recoxib Tablet,Etoricoxib,90mg
Gomace TH 100mg/8mg Tablet,Aceclofenac,100mg
Eritel 80-H Tablet,Telmisartan,80mg
Rimine 1.5 Tablet,Rivastigmine,1.5mg
Dysliptin EZ 10mg/10mg Tablet,Atorvastatin,10mg
Intamox D Kid 125mg/125mg Tablet,Amoxycillin,125mg
Megavog 0.2 Tablet MD,Voglibose,0.2mg
Q  Panzo D 10mg/40mg Tablet,Domperidone,10mg
Gestareset 200mg/200mg Tablet,Mifepristone,200mg
Urseed 300mg Tablet,Acid,300mg
Irazid 600mg Tablet,Linezolid,600mg
Mintor 25mg Tablet XL,Succinate,25mg
Lavik 5mg Tablet,Levocetirizine,5mg
Stromix A 150 Capsule,Aspirin,150mg
Herpinil V 500mg Tablet,Valacyclovir,500mg
Urely 200mg Tablet,Flavoxate,200mg
Moxbit DC 250mg/250mg Capsule,Amoxycillin,250mg
Zyrotram Semi Tablet,Tramadol,18.75mg
Dicoken MR 250mg/50mg/325mg Tablet,Chlorzoxazone,250mg
Ronivox 500mg Tablet,Levofloxacin,500mg
Mibs 5mg/2.5mg Tablet,Chlordiazepoxide,5mg
Monte Forte 5mg/10mg Tablet,Desloratadine,5mg
Vicoten 8 Tablet,Betahistine,8mg
Fevoless 100mg/325mg Tablet,Nimesulide,100mg
Inayaeto P 60mg/325mg Tablet,Etoricoxib,60mg
Olmax 40-AM Tablet,Medoxomil,40mg
Rabmass LS 75mg/20mg Capsule,Levosulpiride,75mg
Tufdrox CV 250mg/62.5mg Tablet DT,Cefadroxil,250mg
Fixo-Alb Tablet,Cefixime,200mg
Ibdine 5 Tablet,Ivabradine,5mg
Sugatab 500 Tablet,Metformin,500mg
Paracip 650mg Tablet,Paracetamol,650mg
Nasyle MR 250mg/50mg/325mg Tablet,Chlorzoxazone,250mg
Erytho 500mg Tablet,Erythromycin,500mg
ME -D3 Tablet,Methylcobalamin,1500mcg
Nestan H 50mg/12.5mg Tablet,Losartan,50mg
Rabozan D 30mg/20mg Capsule SR,Domperidone,30mg
Roxon 150mg Tablet,Roxithromycin,150mg
Azinem 500mg Tablet,Azithromycin,500mg
Metaroz-XL 25 Tablet,Succinate,25mg
Nexovas O Tablet,Medoxomil,20mg
Pantadex-DSR Capsule,Domperidone,30mg
Dice GM 750mg/50mg/250mg Tablet,Glucosamine,750mg
Dixdi 180mg Tablet,Fexofenadine,180mg
Riocard XL 25 Tablet,Succinate,25mg
Flakon MR Tablet,Chlorzoxazone,250mg
Gatop 40mg Tablet,Pantoprazole,40mg
Biosev 800 Tablet,Sevelamer,800mg
Apexitra SB 130 Capsule,Itraconazole,130mg
Buproban 150mg Tablet ER,Bupropion,150mg
Anaspas Tablet,Camylofin,50mg
Itrado 100mg Capsule,Itraconazole,100mg
TENglyn M 500 Tablet SR,Metformin,500mg
Anriz 5mg Tablet,Levocetirizine,5mg
Terbivent 250mg Tablet,Terbinafine,250mg
Tendocerin GM 50mg/750mg/250mg Tablet,Diacerein,50mg
Telmi Vwen H 40mg/12.5mg Tablet,Telmisartan,40mg
Topfen P 100mg/325mg Tablet,Aceclofenac,100mg
Frolic CV 500mg/125mg Tablet,Cefuroxime,500mg
Floxwin TD 400mg/600mg Tablet,Norfloxacin,400mg
Manoxime 500mg Tablet,Cefuroxime,500mg
Rosamy 20mg Tablet,Rosuvastatin,20mg
Rosuvastin Gold 10 Capsule,Aspirin,75mg
Azitric 500mg Tablet,Azithromycin,500mg
Sitavas M 50mg/500mg Tablet,Sitagliptin,50mg
Rabefix-DSR Capsule,Domperidone,30mg
Aceclodus MR 100mg/325mg/250mg Tablet,Aceclofenac,100mg
Poxigen CV 200mg/125mg Tablet,Proxetil,200mg
Aclocus MR 100mg/325mg/250mg Tablet,Aceclofenac,100mg
Reflux D 30mg/20mg Capsule SR,Domperidone,30mg
Etizoram Plus 0.5 mg/10 mg Tablet,Etizolam,0.5mg
Respimox 500 mg/8 mg Capsule,Amoxycillin,500mg
Metglide G 2mg/500mg Tablet,Glimepiride,2mg
Aceleaf SP 100mg/325mg/15mg Tablet,Aceclofenac,100mg
Jaknerv P 750mcg/75mg Capsule,Methylcobalamin,750mcg
Glimos M 2mg/500mg Tablet,Glimepiride,2mg
Acefinity D 80mg/100mg Tablet,Drotaverine,80mg
Ivus 5 Tablet,Rosuvastatin,5mg
Olatab 10mg Tablet,Olanzapine,10mg
Entaflam T Tablet,Thiocolchicoside,4mg
Ecoguard F 150mg/75mg Tablet,Aspirin,150mg
Tidifen 400mg/2mg Tablet,Ibuprofen,400mg
Esotake RD 30mg/20mg Capsule,Domperidone,30mg
Ornaclox 250mg/125mg Capsule,Ampicillin,250mg
Shiptal 500mg Tablet,Ciprofloxacin,500mg
Leviv 250mg Tablet,Levofloxacin,250mg
Solo 100mg/325mg Tablet,Aceclofenac,100mg
Peaktel 40mg Tablet,Telmisartan,40mg
Dolonac P 100mg/325mg Tablet,Aceclofenac,100mg
Netrox 20mg Tablet,Nitrazepam,20mg
Pebra 40mg Tablet,Pantoprazole,40mg
Diclar SP 50mg/325mg/10mg Tablet,Diclofenac,50mg
Pregacent 150 Tablet,Pregabalin,150mg
Pregaliv 75 Tablet SR,Methylcobalamin,1500mcg
Okareb-L Capsule SR,Levosulpiride,75mg
Qualfen MR 100mg/325mg/250mg Tablet,Aceclofenac,100mg
Tsart-AM Tablet,Telmisartan,40mg
Escilyf 10 Tablet,Oxalate,10mg
Relace SP 100mg/325mg/15mg Tablet,Aceclofenac,100mg
Axopod 100mg Tablet,Proxetil,100mg
Setnox 8mg Tablet,Ondansetron,8mg
Affovog-M3 Tablet SR,Metformin,500mg
Prideglim M 2mg/500mg Tablet,Glimepiride,2mg
Aceolab-TH4 Tablet,Aceclofenac,100mg
Mpride V1 Tablet SR,Glimepiride,1mg
Roza DS 0.5mg Tablet,Alprazolam,0.5mg
Elomax 10mg Tablet,Oxalate,10mg
Leavocet-M Tablet,Levocetirizine,5mg
Zanvia 50 Tablet,Sitagliptin,50mg
Shycool-DSR Capsule,Domperidone,30mg
Modicef O 200mg Tablet,Proxetil,200mg
LV Cetam 750mg Tablet,Levetiracetam,750mg
Utorax 10mg Tablet,Isoxsuprine,10mg
Enhancin 250mg/125mg Tablet,Amoxycillin,250mg
Flolact OZ 200 mg/500 mg Tablet,Ofloxacin,200mg
Doxolex A 400mg/30mg Tablet,Doxofylline,400mg
Udgrace 300mg Tablet,Acid,300mg
Pregacon 75 Capsule,Pregabalin,75mg
Glip MF 5mg/500mg Tablet,Glipizide,5mg
Trikonol Forte 25 mg/5 mg Tablet,Amitriptyline,25mg
Alnacob Forte Tablet,Acid,100mg
Loxum 0.5mg Tablet,Lorazepam,0.5mg
Rosunil 40mg Tablet,Rosuvastatin,40mg
Azitack 500mg Tablet,Azithromycin,500mg
MORcon Tablet,Morphine,10mg
Nixobect 250mg Tablet DT,Amoxycillin,250mg
Gramfu 500mg Tablet,Cefuroxime,500mg
Dalvocet M 5mg/10mg Tablet,Levocetirizine,5mg
Preg-M Capsule,Methylcobalamin,750mcg
Vivian-A Tablet,Aceclofenac,100mg
Podorex 200mg Tablet DT,Proxetil,200mg
Logen Beta 20 Tablet,Clonazepam,0.5mg
Domisec 10 mg/20 mg Capsule,Domperidone,10mg
Rabdicure L 75mg/20mg Tablet SR,Levosulpiride,75mg
Alzex 1mg Tablet SR,Alprazolam,1mg
Easo LD 75mg/40mg Capsule,Levosulpiride,75mg
Figo-MS Capsule,Fingolimod,0.5mg
Nigrain Plus 40mg/10mg Tablet,Propranolol,40mg
Speronden 4mg Tablet,Ondansetron,4mg
Rapidom 30mg/20mg Capsule SR,Domperidone,30mg
Bificlav 625 Tablet,Amoxycillin,500mg
Nimsaid T Tablet,Nimesulide,100mg
Iqpil 800mg Tablet SR,Piracetam,800mg
Ergic 120mg Tablet,Fexofenadine,120mg
Aceclogun-SP Tablet,Aceclofenac,100mg
Fupan-D Capsule PR,Domperidone,30mg
Ioxim OF 200mg/200mg Tablet,Cefixime,200mg
Nymwin-P Tablet,Nimesulide,100mg
Rabflox 200mg Tablet,Ofloxacin,200mg
Ctasorin 50mg Tablet,Sitagliptin,50mg
Nutraferon F-Nem Tablet ER,Faropenem,300mg
Hesmox 625 Tablet,Amoxycillin,500mg
Kasgab NT 100mg/10mg Tablet,Gabapentin,100mg
Etoarm 90 Tablet,Etoricoxib,90mg
Notritek-P Tablet SR,Pregabalin,75mg
Espin-LT Tablet,Losartan,50mg
Olmark 40 Tablet,Medoxomil,40mg
Ranozen 500mg Tablet ER,Ranolazine,500mg
Jamrax 500mg Tablet,Cefuroxime,500mg
Qutyvar 200mg Tablet,Quetiapine,200mg
Fertilude CE New 2mg/35mg Tablet,Cyproterone,2mg
Ensyp 10mg Tablet,Serratiopeptidase,10mg
Puocef 200 mg/200 mg Tablet,Cefixime,200mg
Fep 650mg Tablet,Paracetamol,650mg
Romilast-BL Tablet,Bilastine,20mg
Revoglip-M 1000 Tablet SR,Metformin,1000mg
Duciclav 625 Tablet,Amoxycillin,500mg
Hyplon 10mg Capsule,Zaleplon,10mg
Foivir 400mg Tablet,Favipiravir,400mg
Raniday Tablet,Ranitidine,150mg
Indofix OZ 200mg/200mg Tablet,Cefixime,200mg
Glimzab MV3 Tablet SR,Glimepiride,3mg
Eciclo P 100mg/325mg Tablet,Aceclofenac,100mg
Pregasome-MNT Tablet,Pregabalin,75mg
Desvine 50mg Tablet ER,Desvenlafaxine,50mg
Pezole D 10 mg/40 mg Tablet,Domperidone,10mg
Ofoklin 200 Tablet,Ofloxacin,200mg
Diamax 750mg/50mg/250mg Tablet,Glucosamine,750mg
Levetzer 750mg Tablet,Levetiracetam,750mg
Zanroxim Plus 200mg/200mg Tablet,Cefixime,200mg
Olmegraf H 12.5 mg/20 mg Tablet,Hydrochlorothiazide,12.5mg
Frax Tablet,Clidinium,2.5mg
Ondast 4mg Tablet MD,Ondansetron,4mg
Rozon 5D 5mg/1000IU Tablet,Rosuvastatin,5mg
Asulpa 100mg Tablet,Amisulpride,100mg
Peftil O 200mg/200mg Tablet,Proxetil,200mg
Ximstar Clav 500mg/125mg Tablet,Amoxycillin,500mg
Predolat 4mg Tablet,Methylprednisolone,4mg
Emvex 8mg Tablet,Betahistine,8mg
Tense F 0.5mg Tablet,Alprazolam,0.5mg
Flavix 25mg Tablet,Venlafaxine,25mg
Ztyzole D 30mg/20mg Capsule SR,Domperidone,30mg
Folvite Active Capsule | With Essential Vitamins | For Nutritional Deficiences,Folate,1mg
Olancia Rapitab 10mg Tablet,Olanzapine,10mg
ETO-T 4 Tablet,Etoricoxib,60mg
Olmerex H 12.5mg/20mg Tablet,Hydrochlorothiazide,12.5mg
Eyrica NT 75mg/10mg Tablet,Pregabalin,75mg
Seanac 100mg/325mg Tablet,Aceclofenac,100mg
Zeenac SP 100mg/325mg/15mg Tablet,Aceclofenac,100mg
Olsolone M 4mg Tablet,Methylprednisolone,4mg
Tabocef D 200mg/500mg Tablet,Cefixime,200mg
Arend 5mg/10mg Tablet,Levocetirizine,5mg
Offtak-OZ Tablet,Ofloxacin,200mg
Terbivay 250mg Tablet,Terbinafine,250mg
Olimidon 4mg Tablet,Ondansetron,4mg
Emoxide 25mg Tablet,Chlordiazepoxide,25mg
Segram 10mg Tablet,Serratiopeptidase,10mg
Weltop 40mg Tablet,Pantoprazole,40mg
Synopar 2 Tablet,Trihexyphenidyl,2mg
Aucet M Tablet,Levocetirizine,5mg
Dcoxy TH 100mg/4mg Tablet,Aceclofenac,100mg
Ratio D 50mg/10mg Tablet,Diclofenac,50mg
Eldospas Forte 500 mg/450 mg Tablet,Acid,500mg
Batcium-K2 Capsule,Calcitriol,0.25mcg
Abnim P 100mg/325mg Tablet,Nimesulide,100mg
Veinflux NC Tablet,Diosmin,300mg
Enacare 5mg Tablet,Enalapril,5mg
Midpen-DSR Capsule,LLPDomperidone,30mg
Monte Mast Tablet,Levocetirizine,5mg
Benitime 8mg Tablet,Benidipine,8mg
Dompil 20mg Tablet,Domperidone,20mg
Pentozil D 10mg/40mg Tablet,Domperidone,10mg
Azile 250mg Tablet,Azithromycin,250mg
Udway 150mg Tablet,Acid,150mg
Rosudac AC 75mg/10mg/75mg Capsule,Aspirin,75mg
Triquilar Kit,Estradiol,0.03mg
Cosklot Plus 250mg/250mg Tablet,Acid,250mg
Acelom-P 100mg/500mg Tablet,Aceclofenac,100mg
Telista-D Tablet SR,Telmisartan,40mg
Azidine 500mg Tablet,Azithromycin,500mg
Abgate 400mg Tablet,Gatifloxacin,400mg
Ozee 200mg Tablet,Ofloxacin,200mg
Presoul 200mg Capsule,Progesterone,200mg
Levacetam 250 Tablet,Levetiracetam,250mg
Ceftaclav Tablet,Cefixime,100mg
Fycompa 6mg Tablet,Perampanel,6mg
Rabzorab LS 75mg/20mg Capsule SR,Levosulpiride,75mg
Floxavin 400mg Tablet,Ofloxacin,400mg
Domgerd LS 25mg/20mg Tablet,Levosulpiride,25mg
Trexydin 120mg/60mg Tablet,Pseudoephedrine,120mg
Prazowin 5mg Tablet,Prazosin,5mg
A2P 100mg/500mg Tablet,Aceclofenac,100mg
Betcef O 200mg/200mg Tablet,Cefixime,200mg
Dipca Tablet,Diclofenac,50mg
I Fix O 200mg/200mg Tablet,Cefixime,200mg
Percompa 2mg Tablet,Perampanel,2mg
Levome Kid 2.5mg/4mg Tablet,Levocetirizine,2.5mg
Medineuron PG 1500mcg/75mg Tablet SR,Methylcobalamin,1500mcg
Parkin Tablet,Trihexyphenidyl,2mg
Quespas 80mg/250mg Tablet,Drotaverine,80mg
Pdshine-L Capsule SR,Levosulpiride,75mg
STORvas CV 10 Capsule,Atorvastatin,10mg
Sinzole D 30mg/40mg Capsule SR,LLPDomperidone,30mg
Nildep 75mg Tablet,Imipramine,75mg
Moxysung LB 500mg Capsule,Amoxycillin,500mg
Waldopram 10mg Tablet,Oxalate,10mg
Hiperpan 40mg Tablet,Pantoprazole,40mg
Mefron Spas 10mg/250mg Tablet,Dicyclomine,10mg
Terborax 250mg Tablet,Terbinafine,250mg
Monix CV 500 mg/125 mg Tablet,Amoxycillin,500mg
Furonex 250 Tablet,Cefuroxime,250mg
Melano TX 250mg Tablet,Acid,250mg
Oflaquin Ozr Tablet,Ofloxacin,200mg
Dominac MR 100mg/325mg/250mg Tablet,Aceclofenac,100mg
Dezaworld 6mg Tablet,Deflazacort,6mg
Sitalembic 50 Tablet,Sitagliptin,50mg
Paclo 100mg Tablet MD,Nimesulide,100mg
Floxwind 200 Tablet,Ofloxacin,200mg
Raflokast 5mg/10mg Tablet,Levocetirizine,5mg
Imox 500mg Capsule,Amoxycillin,500mg
Pantohik D 30mg/40mg Capsule SR,Domperidone,30mg
SF 20mg Tablet,Sucralfate,20mg
Aldase D 50mg/10mg Tablet,Diclofenac,50mg
Stronue Plus Tablet,Citicoline,500mg
Microflam SP 100mg/325mg/15mg Tablet,Aceclofenac,100mg
Fixman XL 200 mg/500 mg Tablet,Cefixime,200mg
StayHappi Chlorzoxazone+Diclofenac+Paracetamol 500mg/50mg/325mg Tablet,Chlorzoxazone,500mg
AIVO 0.4 MG CAPSULE,Tamsulosin,0.4mg
Shine 10mg Tablet,Amitriptyline,10mg
Seropax 12.5 Tablet,Quetiapine,12.5mg
Vinicor-D 50 Tablet ER,Succinate,50mg
Azithrogen 500mg Tablet,Azithromycin,500mg
Necbone-D Tablet,Acid,70mg
Amidep Plus 12.5mg/5mg Tablet,Amitriptyline,12.5mg
Panmund D 30mg/40mg Capsule SR,Domperidone,30mg
Posicef AZ LB 200mg/250mg Tablet,Cefixime,200mg
Cilny O 20 Tablet,Medoxomil,20mg
Ageclav 375 Tablet,Amoxycillin,250mg
Etorica-P Tablet,Etoricoxib,60mg
Deftrue 6 Tablet,Deflazacort,6mg
Rosuprime Gold 75mg/20mg/75mg Capsule,Aspirin,75mg
Omikos D 10mg/20mg Capsule,Domperidone,10mg
Roxytab 150mg Tablet,Roxithromycin,150mg
Rifamus 550mg Tablet,Rifaximin,550mg
Rain D 10mg/150mg Tablet,Domperidone,10mg
Pentoship-O Tablet,Pantoprazole,40mg
Hiveset L 5mg Tablet,Levocetirizine,5mg
Dapaseal 10mg Tablet,Dapagliflozin,10mg
Zaflox 200mg Tablet,Ofloxacin,200mg
Axival 333mg/145mg Tablet CR,Valproate,333mg
Moxcidal 250 Capsule,Amoxycillin,250mg
Favicovid 200mg Tablet,Favipiravir,200mg
Deflena 6 Tablet,Deflazacort,6mg
Premontn 5mg Tablet,Norethisterone,5mg
Nervgren-MNT Tablet SR,Pregabalin,75mg
PG-Kan 750mcg/75mg Capsule,Methylcobalamin,750mcg
Senim P 100 mg/500 mg Tablet,Nimesulide,100mg
Parazol-L Capsule SR,Levosulpiride,75mg
Maliago 500mg Tablet,Chloroquine,500mg
Nurokeep LC Tablet,Acid,1.5mg
Azitrex 250 Tablet,Azithromycin,250mg
Dicdic-P Tablet,Dicyclomine,20mg
Dotiwak MF 80mg/250mg Tablet,Drotaverine,80mg
Alevo 500 Tablet,Levofloxacin,500mg
Vildatin 50 M Tablet SR,Metformin,500mg
Prelid 16mg Tablet,Methylprednisolone,16mg
Nulid MR 100mg/2mg Tablet,Nimesulide,100mg
Zemlo A 5mg/50mg Tablet,Amlodipine,5mg
Panby 40 Tablet,Pantoprazole,40mg
Azirest Tablet,Caffeine,15mg
Odoxy 200mg Tablet,Proxetil,200mg
Doxygut Tablet,Doxycycline,100mg
Rosowell 20mg Tablet,Rosuvastatin,20mg
Zicor 500mg Tablet,Azithromycin,500mg
D Fresh SP Tablet,Diclofenac,50mg
Bilanol 20mg Tablet,Bilastine,20mg
Tracepar-SP Tablet,Aceclofenac,100mg
Gnotran 4mg Tablet DT,PHARMACEUTICALSOndansetron,4mg
Dobical 500mg Capsule,Dobesilate,500mg
Dinopil 2mg Tablet,Dienogest,2mg
Estrafast 2mg Tablet,Estradiol,2mg
Ravoxacin OZ 200mg/200mg Tablet,Ofloxacin,200mg
Nivoxia-PG Tablet SR,Pregabalin,75mg
Lemed 250mg Tablet,Levofloxacin,250mg
Rive D 10mg/20mg Tablet,Domperidone,10mg
Defvis 18 Tablet,Deflazacort,18mg
Elbipod O 200mg/200mg Tablet,Proxetil,200mg
D Prim 2mg/25mg Tablet,Diazepam,2mg
Aristogyl 400 Tablet,Metronidazole,400mg
Venla XR 37.5 Capsule,Venlafaxine,37.5mg
Rospire F Tablet,Fenofibrate,160mg
Dezamin 6mg Tablet,Deflazacort,6mg
Xeb D 30mg/20mg Capsule SR,Domperidone,30mg
Urcovin Capsule PR,Tamsulosin,0.4mg
Tamslar-D Tablet,Tamsulosin,0.4mg
Dtxt 50mg Tablet,Desvenlafaxine,50mg
Lenris 4mg Capsule,Lenvatinib,4mg
Dexanac MR 250mg/50mg/325mg Tablet,Chlorzoxazone,250mg
Divaa-OD 125 Tablet ER,Divalproex,125mg
Pirogesic Sublingual tablet,Piroxicam,20mg
Imifix AZ 200mg/250mg Tablet,Cefixime,200mg
Polymycetin 250 Capsule,Chloramphenicol,250mg
Glimcy-MP 2 Tablet ER,Glimepiride,2mg
Vinegra 100mg Tablet,Sildenafil,100mg
GLIMETOP MV 1  TABLET SR,Glimepiride,1mg
Diapride M1 Tablet PR,Glimepiride,1mg
Spodim CV 200mg/125mg Tablet,Proxetil,200mg
Touchtel 40mg Tablet,Telmisartan,40mg
Prednikon 8 Tablet,Methylprednisolone,8mg
OXILEPTIN 300 MG TABLET,Oxcarbazepine,300mg
Spasbet M 80mg/250mg Tablet,Drotaverine,80mg
Promexy 50mg Tablet,Chlorpromazine,50mg
Telmavac AM 40/5 Tablet,Telmisartan,40mg
Viltas 50mg Tablet,Vildagliptin,50mg
Ctcolin-P Tablet,Citicoline,500mg
Triexer Forte 1 Tablet ER,Glimepiride,1mg
Hosflam MR 100mg/325mg/250mg Tablet,Aceclofenac,100mg
Prensov NT Tablet SR,Pregabalin,75mg
Ozap D 10mg/20mg Capsule,Domperidone,10mg
Allreb L 75mg/20mg Capsule SR,Levosulpiride,75mg
Retoxia TH 60mg/4mg Tablet,Etoricoxib,60mg
Spuron Tablet DT,Ondansetron,4mg
Evog 0.3 Tablet MD,Voglibose,0.3mg
Sindase SP 100mg/325mg/15mg Tablet,Aceclofenac,100mg
Olocon 5mg Tablet,Olopatadine,5mg
Senita Plus 100mg/325mg Tablet,Nimesulide,100mg
Eritel Beta Trio 25 Tablet ER,Chlorthalidone,12.5mg
Clocit 0.5mg/10mg Tablet,Clonazepam,0.5mg
Monozen 100mg Tablet,Cefixime,100mg
Livezy M 5mg/10mg Tablet,Levocetirizine,5mg
Navgesic AP 100mg/325mg Tablet,Aceclofenac,100mg
Xstrong 50mg Tablet DT,Sildenafil,50mg
Pantia 40mg Tablet,LLPPantoprazole,40mg
Rozunec 10 Tablet,Rosuvastatin,10mg
Sorab 20mg Tablet,Rabeprazole,20mg
Sapgyz 10mg/10mg Capsule,Domperidone,10mg
ARvasT 40 Tablet,Rosuvastatin,40mg
Oflozec OZ 200mg/500mg Tablet,Ofloxacin,200mg
Montiv LC Kid 2.5mg/4mg Tablet,Levocetirizine,2.5mg
Doxit M 400mg/100mg Tablet SR,Doxofylline,400mg
Higra 100mg Tablet,Sildenafil,100mg
Monteclear LC 5mg/10mg Tablet,Levocetirizine,5mg
Vogloyd M 500mg/0.3mg Tablet,Metformin,500mg
Tromy 50mg Tablet DT,Tramadol,50mg
Vildana 100 SR Tablet,Vildagliptin,100mg
Telkum AM 40mg/5mg Tablet,Telmisartan,40mg
Ranil-LS Capsule SR,Levosulpiride,75mg
Flecroin 50 Tablet,Flecainide,50mg
Betafab 16mg Tablet,Betahistine,16mg
Udi Ven 150mg Tablet,Acid,150mg
Kingpride-PM 2mg/500mg/15mg Tablet SR,Glimepiride,2mg
Zoran OZ 200mg/500mg Tablet,Ofloxacin,200mg
Gasozex SR Capsule,Domperidone,30mg
Onpen-P Tablet,Aceclofenac,100mg
Glufit 30mg Tablet,Pioglitazone,30mg
Quefix LB 200mg Tablet DT,Cefixime,200mg
Wificef O 200mg/200mg Tablet,Cefixime,200mg
Moximon 125mg Tablet,Amoxycillin,125mg
Estraziv 2mg Tablet,Estradiol,2mg
Formin P 30 mg/500 mg Tablet,Pioglitazone,30mg
Endoformin VG  1mg/500mg/0.2mg Tablet ER,Glimepiride,1mg
Silomax 8mg Capsule,Silodosin,8mg
Zilcard 10 Tablet,Cilnidipine,10mg
Metvian V 500mg/0.3mg Tablet SR,Metformin,500mg
NT Biocef 100 Tablet DT,Cefixime,100mg
Munixim AZ 200mg/250mg Tablet,Cefixime,200mg
Serofit SP 100mg/325mg/15mg Tablet,Aceclofenac,100mg
Rosuvas F 10 Tablet,Fenofibrate,160mg
Daprica S 10mg/50mg Tablet,Dapagliflozin,10mg
Sofinac-P Tablet,Aceclofenac,100mg
Oroflox 100mg Tablet,Ofloxacin,100mg
Glimsay MV3.3 Forte Tablet SR,Glimepiride,3mg
StayHappi Glimepiride+Metformin 3mg/850mg Tablet,Glimepiride,3mg
Mytopride G 80mg/500mg Tablet,Gliclazide,80mg
Nypan D 10mg/40mg Tablet,Domperidone,10mg
Ranivir D 10mg/150mg Tablet,Domperidone,10mg
Normodoxin 10mg/10mg Tablet,Doxylamine,10mg
Logan 1 Tablet,Lorazepam,1mg
Rapirest D 10mg/20mg Tablet,Domperidone,10mg
Xpertin 200 Tablet,Proxetil,200mg
Em Dydro 30mg Tablet SR,Dydrogesterone,30mg
Mecosule Plus Capsule,Methylcobalamin,750mcg
Medsart H 40mg/12.5mg Tablet,Telmisartan,40mg
Relaxone XL Capsule,Eperisone,150mg
Xcin 200 Tablet,Ofloxacin,200mg
Asv-Vast 20 Tablet,Atorvastatin,20mg
Esofyn D Capsule SR,Domperidone,30mg
Icofenac SP 100mg/325mg/15mg Tablet,Aceclofenac,100mg
Silolyst 4mg Tablet,Silodosin,4mg
Flucanod 150mg Tablet,Fluconazole,150mg
Nepod O 200mg/200mg Tablet,Proxetil,200mg
Normax TZ 400mg/600mg Tablet,Norfloxacin,400mg
Scot Joint 50mg/750mg/250mg Tablet,Diacerein,50mg
Nidflaz 18mg Tablet,Deflazacort,18mg
Oxitres Tablet,Acetylcysteine,600mg
Cefi XL + Tablet IR,Cefixime,200mg
Decvilol 3.125mg Tablet,Carvedilol,3.125mg
Olmenip H 12.5mg/20mg Tablet,Hydrochlorothiazide,12.5mg
Kpod 200mg Tablet,Proxetil,200mg
Nishflam-P Tablet,Aceclofenac,100mg
Telx C 40mg/6.25mg Tablet,Telmisartan,40mg
D Core 6mg Tablet,Deflazacort,6mg
Glycozil G 2mg/500mg Tablet,Glimepiride,2mg
Upspar 100mg Tablet,Sparfloxacin,100mg
Despil 50mg Tablet,Sertraline,50mg
Ken-DSR Capsule,Domperidone,30mg
Yourxim 500mg Tablet,Cefuroxime,500mg
Keyrin Plus 50mg/750mg Tablet,Diacerein,50mg
Dicop SP 50mg/325mg/10mg Tablet,Diclofenac,50mg
Aclopride MR Tablet,Aceclofenac,100mg
Zorab L 75mg/20mg Capsule,Levosulpiride,75mg
Oratil 250mg Tablet,Cefuroxime,250mg
Yemetil 50mg Tablet,MFGChlorpromazine,50mg
Samvix 400mg Tablet,Ademetionine,400mg
Nuromate 25mg Tablet,Topiramate,25mg
Metmorphic G 80mg/500mg Tablet,Gliclazide,80mg
Beta 25mg Tablet,Atenolol,25mg
Aiomox 500mg Capsule,Amoxycillin,500mg
Natelide 60mg Tablet,Nateglinide,60mg
Valex 250mg Tablet ER,Divalproex,250mg
Zeldinac S 50mg/10mg Tablet,Diclofenac,50mg
Halgesic Tablet,Aceclofenac,100mg
Eferab-D Capsule SR,Domperidone,30mg
Tinol 50mg Tablet,Atenolol,50mg
VALCIvir 1000 Tablet,Valacyclovir,1000mg
Dapaset 10mg Tablet,Dapagliflozin,10mg
Miltozolid 600mg Tablet,Linezolid,600mg
Torokiler-TH Tablet,Thiocolchicoside,4mg
Dalcihit 300mg Capsule,Clindamycin,300mg
Misat 40 Tablet,Telmisartan,40mg
Rosuloc 20mg Tablet,Rosuvastatin,20mg
Genax 75mg Tablet XR,Venlafaxine,75mg
Olicap D 10mg/20mg Capsule,Domperidone,10mg
G-Triglim 2 Tablet SR,Glimepiride,2mg
Olymox 250mg Capsule,Amoxycillin,250mg
As-Xime 200 Tablet DT,Cefixime,200mg
Cutin A 10mg/75mg Capsule,Atorvastatin,10mg
Op Zed Forte 10mg Tablet,Serratiopeptidase,10mg
Etrazole 100mg Tablet,Itraconazole,100mg
Rosvent 100mg Capsule,Acebrophylline,100mg
Rabcee-D Capsule SR,Domperidone,30mg
Aldipod 200 Tablet,Proxetil,200mg
Cinox 200mg Tablet,Ofloxacin,200mg
Ciladuo 5 Tablet,Cilnidipine,5mg
Acetazone 250mg Tablet,Acetazolamide,250mg
Tiapine 50mg Tablet XR,Quetiapine,50mg
Incox TH 60mg/8mg Tablet,Etoricoxib,60mg
Merisulide Fen Capsule,Diclofenac,50mg
Winpar S 50mg/325mg/10mg Tablet,Diclofenac,50mg
Bayumont LC Kid 2.5mg/4mg Tablet,Levocetirizine,2.5mg
Emlinz M 1000mg/5mg Tablet,Metformin,1000mg
Acicon 40mg Tablet,Famotidine,40mg
Muciplus-AB Tablet,Acebrophylline,100mg
PD Roxil LB 500 mg/60 mg Tablet,Cefadroxil,500mg
Nevaflox 200mg Tablet,Ofloxacin,200mg
Ud Shan 300mg Tablet,Acid,300mg
Ulifine 300mg Tablet,Acid,300mg
Sedogest 150mg Tablet,Acid,150mg
Paxtine 25 Tablet CR,Paroxetine,25mg
Estrabet 2 Tablet,Estradiol,2mg
Letwell Tablet,Letrozole,2.5mg
Flufree Tablet,Paracetamol,500mg
Omidom 30mg/20mg Capsule SR,Domperidone,30mg
Clonac SP 100mg/325mg/10mg Tablet,Aceclofenac,100mg
Taispin 250mg/75mg Tablet,Ticlopidine,250mg
Pandrive D Capsule,Domperidone,10mg
Toroclav LB 500mg/125mg Tablet,Amoxycillin,500mg
Benperidool 10mg/20mg Capsule,Domperidone,10mg
Atordex-F Tablet,Atorvastatin,10mg
Lupicet M 5mg/10mg Tablet,Levocetirizine,5mg
Estolo 650mg Tablet,Paracetamol,650mg
Pansoft D Tablet,Domperidone,10mg
Telverge 40 Tablet,Telmisartan,40mg
Ornamac 200mg/500mg Tablet,Ofloxacin,200mg
Gabaleed 100mg Tablet,Gabapentin,100mg
Endobest 2mg Tablet,Dienogest,2mg
AGRETAX 500MG TABLET,Acid,500mg
Gasoscot 40mg Tablet,Pantoprazole,40mg
Robidil LS 75mg/20mg Capsule,Levosulpiride,75mg
Flustop Tablet,Caffeine,30mg
Temotor 20mg Capsule,Temozolomide,20mg
Defahit 6mg Tablet,Deflazacort,6mg
Rightclav LB 625mg Tablet,Amoxycillin,500mg
Tychic A 100mg/4mg Tablet,Aceclofenac,100mg
Rapom-DSR Capsule,Domperidone,30mg
Esmetru D 30mg/40mg Tablet,Domperidone,30mg
Omefa D 10mg/20mg Capsule,Domperidone,10mg
Polares 100mg Tablet DT,Proxetil,100mg
Moxiclip 250mg/125mg Tablet,Amoxycillin,250mg
Apritech 125/80 Capsule,Aprepitant,125mg
Divecef 50mg/31.25mg Tablet DT,Proxetil,50mg
Itraz 200 Capsule,Itraconazole,200mg
Deplatol 100mg Tablet,Dipyridamole,100mg
Etam 500mg Tablet,Ethamsylate,500mg
Imip 2mg/25mg Tablet,Diazepam,2mg
Largy-M Tablet,Levocetirizine,5mg
Eslo-Tel 5mg Tablet,Telmisartan,40mg
Mefodryn 80mg/250mg Tablet,Drotaverine,80mg
Pregacip M Plus 750mcg/150mg Capsule,Methylcobalamin,750mcg
Pbquin 300mg Tablet,Quinine,300mg
Zancort 16mg Tablet,Methylprednisolone,16mg
Olnamac 2.5mg Tablet,Olanzapine,2.5mg
Duaride 75mg Tablet,Levosulpiride,75mg
Levosys 250mg Tablet,Levofloxacin,250mg
GBP 30mg Capsule SR,Domperidone,30mg
Welzin DS 5mg Tablet,Desloratadine,5mg
Parth Diclo Plus 50mg Tablet,Diclofenac,50mg
Grisdot M 80mg/250mg Tablet,Drotaverine,80mg
Valpex 300mg Tablet CR,Valproate,300mg
Spanamic D 10mg/250mg Tablet,Dicyclomine,10mg
Spasmic 80mg/250mg Tablet,Drotaverine,80mg
Fanopee 300mg Tablet,Faropenem,300mg
Dafolin M 750mcg/75mg Tablet,Methylcobalamin,750mcg
Dimkrit CV 200mg/125mg Tablet,Proxetil,200mg
Rosuglob 20mg Tablet,Rosuvastatin,20mg
Damcid D 30mg/40mg Capsule SR,Domperidone,30mg
Mobispas-D Tablet,Drotaverine,80mg
Rabipral DSR Capsule,Domperidone,30mg
Pantacap-DSR Capsule,Domperidone,30mg
Tromadase DP Tablet,Diclofenac,50mg
Fexzona 120mg Tablet,Fexofenadine,120mg
Alzolite Forte 0.25mg/20mg Tablet,Alprazolam,0.25mg
Kaiclav 500mg/125mg Tablet,Amoxycillin,500mg
Escnx LS 0.25mg/10mg Tablet,Clonazepam,0.25mg
Ekon 10mg Tablet,Cetirizine,10mg
Maxinac S 100mg/325mg/15mg Tablet,Aceclofenac,100mg
Elof 500 Tablet,Levofloxacin,500mg
Theobid 300mg Tablet,Theophylline,300mg
Glicaday 40 Tablet,Gliclazide,40mg
Telmicerna H 40 Tablet,Telmisartan,40mg
Drotiscot M 80mg/250mg Tablet,Drotaverine,80mg
Nicotac D 10mg/150mg Tablet,Domperidone,10mg
Pilofenac-MR Tablet,Aceclofenac,100mg
Altrather LF 80mg/480mg Tablet,Artemether,80mg
Maxvert 8mg Tablet,Betahistine,8mg
Telapp MT 40mg/50mg Tablet,Telmisartan,40mg
Kyofur 250mg Tablet DT,Cefuroxime,250mg
Veltam 0.2 Tablet MR,Tamsulosin,0.2mg
Zyfix CV 200mg/125mg Tablet,Cefixime,200mg
Diclocalm-S Tablet,Diclofenac,50mg
Mefudyl TR 500mg/250mg Tablet,Acid,500mg
Leserro 10mg Tablet,Serratiopeptidase,10mg
Atorest 20mg Tablet,Atorvastatin,20mg
Aas 10mg Tablet,Atorvastatin,10mg
Flexicort 6mg Tablet,Deflazacort,6mg
Miss Me Tablet,Tadalafil,10mg
Rozalcea-Gold 20/150 Capsule,Aspirin,150mg
Emgra Tablet,Estradiol,2mg
Semac P 100mg/325mg Tablet,Aceclofenac,100mg
Losafix 50 Tablet,Losartan,50mg
Asterab DSR Capsule,Domperidone,30mg
Neurodaz G 300mg/500mcg Tablet,Gabapentin,300mg
Pantoze D 10mg/40mg Tablet,Domperidone,10mg
Rntkeen 150mg Tablet,Ranitidine,150mg
Adlafel 2.5mg Tablet,Tadalafil,2.5mg
Halopride 200mg Tablet,Amisulpride,200mg
Montexa LC Junior 2.5mg/5mg Tablet,Levocetirizine,2.5mg
Minaar Plus 50mg/30mg Tablet,Sildenafil,50mg
Renovas 10mg Tablet,Rosuvastatin,10mg
Pirfetab Tablet,Pirfenidone,200mg
Cilnifit 10mg Tablet,Cilnidipine,10mg
Etroxyn TH 60mg/4mg Tablet,Etoricoxib,60mg
Amurol NX 250mg Tablet,Amoxycillin,250mg
Agna 300mg Capsule,Pancreatin,300mg
Mecotaz-GP 300mg/500mcg Capsule,Gabapentin,300mg
Tolnicar Tablet,Tolperisone,150mg
Doris 6 Tablet,Deflazacort,6mg
Mypol 650mg Tablet,Paracetamol,650mg
Xetonyx 25mg Tablet CR,Paroxetine,25mg
Sernit 100mg Tablet,Sertraline,100mg
Wellstif Tablet,Aceclofenac,100mg
Mucomix Tablet,Acetylcysteine,600mg
Roptril 0.25mg Tablet,Clonazepam,0.25mg
Oltesnya HZ 12.5mg/20mg Tablet,Hydrochlorothiazide,12.5mg
Alpenam O 200mg Tablet,Faropenem,200mg
Florina G 0.05mg/0.25mg Tablet,Estradiol,0.05mg
Fastclav 500 Tablet,Cefuroxime,500mg
Levotaz P Tablet,Ambroxol,30mg
Zolent 0.25mg Tablet,Alprazolam,0.25mg
Roppi-IT Capsule,Rabeprazole,20mg
Danavish Metformin+Teneligliptin 500mg/20mg Tablet ER,Metformin,500mg
Flagyl FC 100mg/400 mg Tablet,Furazolidone,100mg
Pregasit NT 75mg/10mg Tablet,Pregabalin,75mg
Esoplay L 75mg/40mg Capsule PR,Levosulpiride,75mg
Dezert 6 Tablet,Deflazacort,6mg
Deflorid 6mg Tablet,Deflazacort,6mg
Medilox Forte 400mg/500mg Tablet,Metronidazole,400mg
Itrapride 100mg Capsule,Itraconazole,100mg
Olagress MD 10 Tablet,Olanzapine,10mg
Acemoto 200mg Tablet SR,Aceclofenac,200mg
Sertazone 50mg Tablet,Sertraline,50mg
Sodalez Tablet,Bicarbonate,500mg
LD Gard-LC Tablet,Methylcobalamin,1500mcg
Affoarni 100 Tablet,Sacubitril,49mg
Mefezy D 10mg/150mg Tablet,Dicyclomine,10mg
Ondap 4mg Tablet,Ondansetron,4mg
Defpox 100mg Tablet,Proxetil,100mg
Vortiray 10mg Tablet,Vortioxetine,10mg
Temptal 650mg Tablet,Paracetamol,650mg
Telmodor A 80mg/5mg Tablet,Telmisartan,80mg
Domy 100mg Tablet,Doxycycline,100mg
Levolin 1.25mg Respules,Levosalbutamol,1.25mg
Teromide Plus 50mg/10mg Tablet,Spironolactone,50mg
Jectorab L 75mg/20mg Capsule SR,Levosulpiride,75mg
Telable Trio 40mg/10mg/12.5mg Tablet,Telmisartan,40mg
Noxime O 200mg/200mg Tablet,Cefixime,200mg
Colax Tablet,Picosulfate,10mg
SynAPTOL SR 300 Tablet,Tolperisone,300mg
Telx H 40mg/12.5mg Tablet,Telmisartan,40mg
Everpod 100mg Tablet DT,Proxetil,100mg
Shiokem 15mg Tablet,Tolvaptan,15mg
Alcibol G 300mg/500mcg Tablet,Gabapentin,300mg
Essfol-D Softgel Capsule,Acid,200mg
Novapride 1mg Tablet,Glimepiride,1mg
Lift Joint 50mg/750mg/250mg Tablet,Diacerein,50mg
Nurokript NP 75mg/10mg/1500mcg Tablet,Pregabalin,75mg
Esmoclass D 30mg/40mg Capsule,Domperidone,30mg
Mgnac-MR Tablet,Aceclofenac,100mg
Atek D 30mg/40mg Capsule SR,Domperidone,30mg
Azirob 250mg Tablet,Azithromycin,250mg
Bactorax OZ 200mg/500mg Tablet,Ofloxacin,200mg
Omril-D 10mg/20mg Capsule,Domperidone,10mg
Jeerab LP 75mg/20mg Capsule,Levosulpiride,75mg
Esomepraz D 30mg/40mg Capsule SR,Domperidone,30mg
Voveflam-SP Tablet,Diclofenac,50mg
Gastrap Softgel Capsule,Simethicone,180mg
Spasnorm 10mg/250mg Tablet,Dicyclomine,10mg
MetoLAR 50mg Tablet,Tartrate,50mg
Lumivib Tablet,Artemether,80mg
Rapikar 20 Tablet,Rabeprazole,20mg
Spzole 200mg Capsule,Itraconazole,200mg
Nezen-DP Tablet,Diclofenac,50mg
Stamclav 500mg/125mg Tablet,Amoxycillin,500mg
Parkwell 0.5mg Tablet,Pramipexole,0.5mg
Floxit R 20mg/200mg Tablet,Racecadotril,20mg
Etrogod TH 60mg/4mg Tablet,Etoricoxib,60mg
Mprose 4mg Tablet,Methylprednisolone,4mg
Ricozith 500 Tablet,Azithromycin,500mg
Onligo 7.5mg Tablet MD,Olanzapine,7.5mg
Bone C Max Capsule,Calcium,500mg
Echocet 10mg Tablet,Cetirizine,10mg
Dovy-A Tablet,Drotaverine,80mg
Integ MR Tablet,Chlorzoxazone,250mg
Aceroc P 100 mg/500 mg Tablet,Aceclofenac,100mg
NITZO 6.4MG TABLET,Nitroglycerin,6.4mg
R-Lay-DSR Capsule,Domperidone,30mg
Orsicam 0.5mg Tablet,Clonazepam,0.5mg
Ethitop-DSR Capsule,Domperidone,30mg
Amilite H 12.5mg/5mg Tablet,Amitriptyline,12.5mg
Dolwall-SP Tablet,Aceclofenac,100mg
Cilaheart 20 Tablet,Cilnidipine,20mg
E2R 20mg Tablet,Rabeprazole,20mg
Lexxa 500mg Tablet,Levofloxacin,500mg
F Racil 10mg Tablet,Flunarizine,10mg
Panultra 40mg Tablet,Pantoprazole,40mg
Udicer 150mg Tablet,Acid,150mg
Duracard 1mg Tablet,Doxazosin,1mg
Tsart Trio 12.5 Tablet,Telmisartan,40mg
Tenliflex M 500mg/20mg Tablet,Metformin,500mg
Etrosil TH 90mg/4mg Tablet,Etoricoxib,90mg
Gofalcy 50mg Tablet,Artesunate,50mg
Ferticleft 100mg Capsule,Clomiphene,100mg
Areezole 10mg Tablet,Aripiprazole,10mg
Rutorax A Tablet,Trypsin,48mg
Dazy D 50mg/10mg Tablet,Diclofenac,50mg
Telmsia 40mg Tablet,Telmisartan,40mg
Imicet M 5mg/10mg Tablet,Levocetirizine,5mg
Fungipar 150mg Tablet,Fluconazole,150mg
Dotclop CV 10mg/75mg Tablet,Atorvastatin,10mg
Novacinn 25mg Tablet,Cinnarizine,25mg
Oflocos OZ 200mg/500mg Tablet,Ofloxacin,200mg
Aceflam 200mg Tablet SR,Aceclofenac,200mg
Otymox 250mg/8mg Tablet,Amoxycillin,250mg
Advog M 0.2 Plus Tablet,Metformin,500mg
Elidep 75mg Tablet,Imipramine,75mg
Nimvox P 100mg/325mg Tablet,Nimesulide,100mg
Ningigo P 0.25mg/20mg Tablet,Alprazolam,0.25mg
Arb Chek 40mg Tablet,Medoxomil,40mg
SizoPIN 50 Tablet,Clozapine,50mg
Razozac DSR Capsule,Domperidone,30mg
Aberset FM Tablet,Flupenthixol,0.5mg
Windol Plus Tablet,Chlorzoxazone,250mg
Azopar 200mg Tablet SR,Aceclofenac,200mg
Amonic 500mg/125mg Tablet,Amoxycillin,500mg
Ramocid D 30mg/20mg Capsule SR,Domperidone,30mg
Telpiron AM Tablet,Telmisartan,40mg
Onfast 4mg Tablet MD,Ondansetron,4mg
Szetalo 20 Tablet,Oxalate,20mg
Rebaki 20 Tablet,Rabeprazole,20mg
Udmax 150mg Tablet,Acid,150mg
Rabiflo 20mg Tablet,Rabeprazole,20mg
Ofbid 200mg Tablet,Ofloxacin,200mg
Paradin 650 Tablet,Paracetamol,650mg
Turbodom D 30mg/40mg Capsule SR,Domperidone,30mg
Tolperix 150mg Tablet,Tolperisone,150mg
Eximo 100mg Tablet,Cefixime,100mg
Zavantra Tablet,Tramadol,37.5mg
Panvon D 30mg/40mg Capsule SR,Domperidone,30mg
Fixibact LB 200mg Tablet,Cefixime,200mg
Xolodic-SP Tablet,Diclofenac,50mg
Fysiq AP 100mg/325mg Tablet,Aceclofenac,100mg
Drota MF 500mg/325mg Tablet,Acid,500mg
Ketorem 10mg Tablet,Ketorolac,10mg
Bivoter H 5mg/12.5mg Tablet,Nebivolol,5mg
Moudzer SP 100mg/325mg/15mg Tablet,Aceclofenac,100mg
Alcef LB 50 Tablet,Cefixime,50mg
Polam 75 Capsule,Methylcobalamin,750mcg
RALZAL 10 MG TABLET,Rupatadine,10mg
Amoxolin LB 500mg/125mg Tablet,Amoxycillin,500mg
Metclin-CL Suppository,Clindamycin,100mg
Rasmol D 30mg/20mg Capsule SR,Domperidone,30mg
Rosufree-F 5 Tablet,Fenofibrate,160mg
Satmoliz D 30mg/40mg Capsule SR,Domperidone,30mg
Mesze P Tablet,Nimesulide,100mg
Nimesumol-P Tablet,Nimesulide,100mg
Telkav H 40mg/12.5mg Tablet,Telmisartan,40mg
Podofix 200 Tablet,Proxetil,200mg
Avorox 150mg Tablet,Roxithromycin,150mg
Rangcef OZ LB 200mg/500mg Tablet,Cefixime,200mg
Getzine FX 180mg Tablet,Fexofenadine,180mg
Rosulen 10mg Tablet,Rosuvastatin,10mg
TroycOBAL LC Tablet,Acid,1.5mg
Rabsar 20mg Tablet,Rabeprazole,20mg
Sonocef LB 200mg Tablet,Cefixime,200mg
Tenlo 20mg Tablet,Teneligliptin,20mg
Losaline 100mg Tablet,Losartan,100mg
Lev 500mg Tablet,Levetiracetam,500mg
Pattiforte-Plus Tablet,Bromelain,180mg
Dolcin 10mg Tablet,Haloperidol,10mg
Pantonus-D Tablet,Domperidone,10mg
Rebgo D 30mg/20mg Capsule SR,Domperidone,30mg
Tamik BC Tablet,Acid,500mg
Meroport 1000mg Tablet,LLPMeropenem,1000mg
Nacroot-MR Tablet,Aceclofenac,100mg
Fextro M 10mg/120mg Tablet,Montelukast,10mg
Etirest 0.5 Tablet,Etizolam,0.5mg
Tilprox 200mg Tablet,Proxetil,200mg
Acondec-Forte Tablet,Trypsin,48mg
Discern 750 OD Tablet SR,Divalproex,750mg
Leveder 500 Tablet,Levetiracetam,500mg
Rostrucef 500mg Tablet,Cefuroxime,500mg
Euroglic MF 80mg/500mg Tablet,Gliclazide,80mg
Montzine 5mg/10mg Tablet,Levocetirizine,5mg
Yocv LB Tablet,Amoxycillin,500mg
Peptihans-SR 500mg Tablet,Metformin,500mg
Levepase 500mg Tablet,Levetiracetam,500mg
Joxcy 250 Tablet,Cefuroxime,250mg
Clopigrel 300mg Tablet,Clopidogrel,300mg
Lircetam 750mg Tablet,Levetiracetam,750mg
Etorijen-TH 4 Tablet,Etoricoxib,60mg
Spasmonil 20mg/325mg Tablet,Dicyclomine,20mg
Asenak SP 100mg/325mg/15mg Tablet,Aceclofenac,100mg
Trypsicon 180mg/96mg/200mg Tablet,Bromelain,180mg
Tiktop-Pride Capsule SR,Levosulpiride,75mg
Cefodox 100mg Tablet,Proxetil,100mg
Telrith 40 Tablet,Telmisartan,40mg
Mony L 5mg/10mg Tablet,Levocetirizine,5mg
Glicocet M 5mg/10mg Tablet,Levocetirizine,5mg
Tolfen Capsule,Polmacoxib,2mg
Niccef CV Tablet,Cefixime,200mg
Nupenta LS Capsule SR,Levosulpiride,75mg
Mdt 0.25mg Tablet,Alprazolam,0.25mg
Alprosym 0.5mg Tablet,Alprazolam,0.5mg
D Fresh 50mg/325mg Tablet,Diclofenac,50mg
Rednisol 4 Tablet,Methylprednisolone,4mg
Serranic 10mg Tablet,Serratiopeptidase,10mg
Oflomac CX 100mg/100mg Tablet DT,Cefixime,100mg
Livixiga M 10mg/1000mg Tablet,Dapagliflozin,10mg
Yelze 0.5mg Tablet,Clonazepam,0.5mg
Telmitop 20mg Tablet,Telmisartan,20mg
Mbil 10/20 Tablet,Bilastine,20mg
Teledoc MT 40mg/50mg Tablet,Telmisartan,40mg
Clotmic MF 500mg/250mg Tablet,Acid,500mg
Levotac-M Kid Tablet DT,Levocetirizine,2.5mg
Ometec 20 Capsule,Omeprazole,20mg
Yoyocold Tablet,Caffeine,25mg
Esocall D 30mg/40mg Capsule,Domperidone,30mg
Skizosmooth 30mg Tablet,Aripiprazole,30mg
Pabatrip Tablet,Pregabalin,75mg
Defxza 6mg Tablet,Deflazacort,6mg
Megapose Plus Tablet,Flupenthixol,0.5mg
Etocox 60mg Tablet,Etoricoxib,60mg
Coxitan Tablet,Etoricoxib,60mg
Symidox OD Tablet,Doxylamine,20mg
Bonmycin 250 Tablet,Azithromycin,250mg
Oripent D 30mg/40mg Capsule SR,Domperidone,30mg
Lace-SP Tablet,Aceclofenac,100mg
Grenate 10mg Tablet,Flunarizine,10mg
Avox 200mg/28.5mg Tablet,Amoxycillin,200mg
Pantawox D 30mg/40mg Capsule SR,Domperidone,30mg
Topmont AL Tablet SR,Ambroxol,75mg
Metfotime 1000mg Tablet SR,Metformin,1000mg
Zylicet-Max Tablet SR,Ambroxol,75mg
Ruto-L Capsule SR,Levosulpiride,75mg
Emstal 10mg Tablet,Domperidone,10mg
XTRAGESIC 400MG/500MG TABLET,Ibuprofen,400mg
Modafil 100mg Tablet MD,Modafinil,100mg
Diclofam Forte Tablet,Diclofenac,50mg
Rabinos LV 75mg/20mg Capsule,Levosulpiride,75mg
Moxodey 0.2mg Tablet,Moxonidine,0.2mg
Apgrits 100mg/325mg Tablet,Aceclofenac,100mg
Dubact 5mg Tablet,Norethisterone,5mg
Lornit 150 Tablet,Aspartate,150mg
Acichol 250mg Capsule,Chloramphenicol,250mg
Urosa 100mg Tablet,Torasemide,100mg
Rosumep F 145mg/10mg Tablet,Fenofibrate,145mg
Derivent 2.5 mg/100 mg Tablet,Etofylline,2.5mg
Pantonip D 30mg/40mg Capsule SR,Domperidone,30mg
Snuthro AX 500mg/75mg Tablet,Azithromycin,500mg
Telpres 40 Tablet,Telmisartan,40mg
Fexodex 180 Tablet,Fexofenadine,180mg
Pzol-D 10mg/40mg Tablet,Domperidone,10mg
Alopam 2mg Tablet,Clonazepam,2mg
HELEXIN 125 MG TABLET DT,Cefalexin,125mg
Amoxlacto CL 625 Tablet,LLPAmoxycillin,500mg
Dompan Tablet,Domperidone,10mg
ANC 9 Tablet,Folate,1mg
XMV 500mcg Tablet,Methylcobalamin,500mcg
L-Zet 5 Tablet,Levocetirizine,5mg
Telprompt-Trio 12.5 Tablet,Telmisartan,40mg
Rosudac 10mg Tablet,Rosuvastatin,10mg
Dinal Plus 50mg/500mg Tablet,Diclofenac,50mg
Arthopan 250mg Tablet,Naproxen,250mg
Fixivio 100mg Tablet,Cefixime,100mg
Dalmin P 100mg/325mg Tablet,Nimesulide,100mg
Ship TZ 500mg/600mg Tablet,Ciprofloxacin,500mg
Probis 5mg Tablet,Bisoprolol,5mg
Althopan-D Capsule,Domperidone,10mg
Telekast 4 Chewable Tablet,Montelukast,4mg
Acithroc 250mg Tablet,Azithromycin,250mg
Telmend-M 50 ER Tablet,Telmisartan,40mg
Femix SB 200mg/150mg Tablet,Cefixime,200mg
Lyrolin Tablet,Pregabalin,75mg
Glimo 2mg Tablet,Glimepiride,2mg
Olahil 10 Tablet DT,Olanzapine,10mg
Kvpod 200mg Tablet,Proxetil,200mg
Roziof OZ 200mg/500mg Tablet,Ofloxacin,200mg
Empajoy 25 Tablet,Empagliflozin,25mg
Esitlo 10mg Tablet,Oxalate,10mg
Sitavolt-M (XR) 50/500 Tablet,Sitagliptin,50mg
Rosumit 20mg Tablet,Rosuvastatin,20mg
Mucolus 600 Tablet,Acetylcysteine,600mg
Milopin 2.5mg Tablet,Amlodipine,2.5mg
Forth 200mg Tablet,Faropenem,200mg
Azustan 500 Tablet,Azithromycin,500mg
Leucorin Tablet,Leucovorin,15mg
Raxlid-P Tablet,Nimesulide,100mg
Pbren 50 Capsule,Pregabalin,50mg
Bioxim 200mg Tablet,Cefuroxime,200mg
Emsita-D 50/10 Tablet,Dapagliflozin,10mg
Febtor Tablet,Febuxostat,40mg
Olnee 2.5mg Tablet,Olanzapine,2.5mg
Palgic 40mg Tablet,Pantoprazole,40mg
TEXtra 5mg Tablet,Methotrexate,5mg
Okaceph 250mg Tablet,Cefalexin,250mg
Zidanben K Tablet,Diclofenac,50mg
Fucan 150mg Capsule,Fluconazole,150mg
Skiigra 100mg Tablet,Sildenafil,100mg
Xibra P 60mg/325mg Tablet,Etoricoxib,60mg
Z Cox P 60mg/325mg Tablet,Etoricoxib,60mg
Zinor 10mg Tablet CR,Norethisterone,10mg
Uricip D 0.4mg/0.5mg Tablet,Tamsulosin,0.4mg
Atjoint Tablet,Diacerein,50mg
Gabatrip M 300mg/500mg Tablet,Gabapentin,300mg
Nufam 3D 10mg/120mg/200mg Tablet,Montelukast,10mg
Dnipac-P Tablet,Aceclofenac,100mg
Eslevo 500mg Tablet,Levofloxacin,500mg
Nervshine-NTP Tablet,Pregabalin,75mg
Azinext 500mg Tablet,Azithromycin,500mg
dOLOwin - Plus Tablet,Aceclofenac,100mg
Thanktel AM Tablet,Telmisartan,40mg
Olap 2.5mg Tablet,Olanzapine,2.5mg
Rabflow-DSR Capsule,Domperidone,30mg
Pancip TN 500mg/600mg Tablet,Ciprofloxacin,500mg
Wellmox CV 500mg/125mg Tablet,Amoxycillin,500mg
Argical HD Tablet,Calcium,1000mg
DavaIndia Propranolol 20mg Tablet,Propranolol,20mg
Rozitaz F 160mg/20mg Tablet,Fenofibrate,160mg
Mores 3mg Tablet,Risperidone,3mg
Losateb 50mg Tablet,Losartan,50mg
Lisam AT 5mg/50mg Tablet,Amlodipine,5mg
Rosuryl-ASP Capsule,Rosuvastatin,10mg
Olenac P 100mg/325mg Tablet,Aceclofenac,100mg
Lexof 100mg Tablet DT,Ofloxacin,100mg
Krirox 250mg Tablet,Cefuroxime,250mg
Dorclick Plus 50mg/325mg/10mg Tablet,Diclofenac,50mg
Glimphy M 2mg/500mg Tablet,Glimepiride,2mg
Lizomed 600 Tablet,Linezolid,600mg
Ropiro 0.5mg Tablet,Ropinirole,0.5mg
Itrastar 100mg Capsule,Itraconazole,100mg
Arithzo 500mg Tablet,Azithromycin,500mg
Silogreat 8 Tablet,Silodosin,8mg
Omizor DM 20mg/10mg Capsule,Domperidone,20mg
Tiamind M Forte 5mg/10mg Tablet,Donepezil,5mg
Aufbau Tablet,Aceclofenac,100mg
Entarica 0.5 Tablet,Entecavir,0.5mg
TADovas 20mg Tablet,Tadalafil,20mg
Fexuclue Tablet,Fexuprazan,40mg
Dazflam P 50mg/325mg Tablet,Diclofenac,50mg
Genericart Methylcobalamin+Pregabalin 1500mcg/75mg Tablet SR,Methylcobalamin,1500mcg
Serok DP 50mg/325mg/10mg Tablet,Diclofenac,50mg
Valanix 1000mg Tablet,Valacyclovir,1000mg
Shizine-M Tablet,Levocetirizine,5mg
Azlife 500 Tablet,Azithromycin,500mg
Omesic-D Capsule,Domperidone,10mg
Spasmotune Tablet,Dicyclomine,20mg
Revocon Tablet,Tetrabenazine,25mg
Xium AZ Tablet,Cefixime,200mg
Zemoxy-CVL Tablet,Amoxycillin,500mg
Afesan-Forte Tablet,Aceclofenac,100mg
Telmilong H 40mg/12.5mg Tablet,Telmisartan,40mg
Astatin 10mg Tablet,Atorvastatin,10mg
Sulidapa SM 10/100/1000 Tablet ER,Dapagliflozin,10mg
Thronod 500 Tablet,Azithromycin,500mg
Pandu SR 30mg/40mg Capsule,Domperidone,30mg
Melator 3 Tablet MD,Melatonin,3mg
Daclacruz 60mg Tablet,Daclatasvir,60mg
Gabspen-NT 100 Tablet,Gabapentin,100mg
Remetor F Tablet,Atorvastatin,10mg
Flamrest 650 Tablet,Paracetamol,650mg
Metford 500 Tablet,Metformin,500mg
Ketroser Tablet,Ketorolac,10mg
Telmiride LN 10mg/40mg Tablet,Cilnidipine,10mg
Rivarex 2.5 Tablet,Rivaroxaban,2.5mg
Drotvue M 80mg/250mg Tablet,Drotaverine,80mg
Esoblast L 75mg/40mg Capsule SR,Levosulpiride,75mg
Zenclor 125mg Tablet,Cefaclor,125mg
Rozedoc 5mg Tablet,Rosuvastatin,5mg
Sunthyroid 350mcg Tablet,Thyroxine,350mcg
Azitiru 500mg Tablet,Azithromycin,500mg
G-Fit-V 2 Tablet,Metformin,500mg
Orthoglu-GM Tablet,Diacerein,50mg
Rosupack Gold Capsule,Aspirin,75mg
Didol P Tablet,Tramadol,37.5mg
Jalzid 600mg Tablet,Linezolid,600mg
Ifaxa 15mg Tablet,Rivaroxaban,15mg
Teos 200mg Tablet,Ofloxacin,200mg
Vizep 10mg Tablet,Chlordiazepoxide,10mg
EPIlex 300mg Tablet,Valproate,300mg
Nicoace Plus 100mg/325mg Tablet,Aceclofenac,100mg
Wexim 100mg Tablet DT,Cefixime,100mg
Roxisara 150mg Tablet,Roxithromycin,150mg
Mbzine M Kid 2.5mg/4mg Tablet,Levocetirizine,2.5mg
T-Vobit 1 Tablet SR,Glimepiride,1mg
Swag Pan 30mg/40mg Capsule,Domperidone,30mg
Xytrax 25mg Tablet,Hydroxyzine,25mg
Leegaba 75mg Capsule SR,Pregabalin,75mg
Buxo 80mg Tablet,Febuxostat,80mg
Nimeron 200mg Tablet,Nimesulide,200mg
Eselin Tablet 500mg,Ethamsylate,500mg
Tivodol 50mg Tablet,Tapentadol,50mg
Acnetoin-I 10 Capsule,Isotretinoin,10mg
Reminil 2.5 Tablet,Ramipril,2.5mg
Uva Cef 200mg Tablet,Proxetil,200mg
Alrozith 500 Tablet,Azithromycin,500mg
Jasdep 50mg Tablet,Opipramol,50mg
Pantaway D 10mg/40mg Tablet,Domperidone,10mg
Ozen-OZ Tablet,Ofloxacin,200mg
Terbiley 250mg Tablet,Terbinafine,250mg
Licosar 50mg Tablet,Losartan,50mg
Zafrose 10 Tablet,Rosuvastatin,10mg
Atorgem ASP 10mg/75mg Capsule,Atorvastatin,10mg
Greatova Plus 50mg/600mg Tablet,Enclomiphene,50mg
Clodrel Tablet,Clopidogrel,75mg
Ultraclox LB Capsule,Amoxycillin,250mg
Uboflam-P Tablet,Aceclofenac,100mg
Trynac SP 50mg/325mg/10mg Tablet,Diclofenac,50mg
Parkdase SP 50mg/325mg/10mg Tablet,Diclofenac,50mg
Etomin 500mg Tablet,Erythromycin,500mg
Pantazorb D 10mg/40mg Tablet,Domperidone,10mg
Xepar 30 Tablet,Paroxetine,30mg
Rabesys D 30mg/20mg Capsule,Domperidone,30mg
Azilo 250mg Tablet,Azithromycin,250mg
Prizm 0.5mg Tablet,Alprazolam,0.5mg
Frey Bis 5mg Tablet,Bisoprolol,5mg
Thico AP 4mg/100mg/325mg Tablet,Thiocolchicoside,4mg
Misogest Tablet,Misoprostol,200mcg
Frez DS 200 mg/600 mg Tablet,Ofloxacin,200mg
Bencodox PG 75mg/10mg/1500mcg Tablet,Pregabalin,75mg
Aanflam F 400mg/400mg Tablet,Ibuprofen,400mg
Dydrocan 10mg Tablet,Dydrogesterone,10mg
Hefixime 200mg Tablet DT,Cefixime,200mg
Secrepan D 30mg/40mg Tablet SR,Domperidone,30mg
Paraset 650 Tablet,Paracetamol,650mg
Xemlifen 50mg/5mg Tablet,Mirabegron,50mg
Nebistar 5 Tablet,Nebivolol,5mg
Telmis CT 40 Tablet,Telmisartan,40mg
Unocort 6 Tablet,Deflazacort,6mg
Evog-M 500mg/0.2mg Tablet,Metformin,500mg
Vinicor XL 50 Tablet,Succinate,47.5mg
Shinepath AC 100mg/325mg Tablet,Aceclofenac,100mg
Fluford M Tablet,Flupenthixol,0.5mg
Simvotin 40 Tablet,Simvastatin,40mg
Orthotip 100mg/15mg Tablet,Nimesulide,100mg
Arthadol 400mg Tablet,Etodolac,400mg
Gliminac M 3mg/1000mg Forte Tablet,Glimepiride,3mg
Durasal 8mg Capsule,Salbutamol,8mg
Nidanzic-P Tablet,Diclofenac,50mg
Afl 150mg Tablet,Fluconazole,150mg
Foxpil 120 Tablet,Fexofenadine,120mg
Digicet 5mg Tablet,Levocetirizine,5mg
Aurnida 500mg Tablet,Ornidazole,500mg
Zextron 4mg Tablet,Ondansetron,4mg
Rosenite F 10 Tablet,Fenofibrate,160mg
Q Lox 250mg Tablet,Ofloxacin,250mg
Nimcott-P Tablet,Nimesulide,100mg
Redux 650mg Tablet,Paracetamol,650mg
Prularen 1 Tablet,Prucalopride,1mg
Dutoric 60mg Tablet,Etoricoxib,60mg
Bio AZ 500mg Tablet,Azithromycin,500mg
Falcydol 40mg Capsule,Artemether,40mg
Preganex Capsule,Methylcobalamin,1500mcg
Estocer Plus Tablet,Clonazepam,0.5mg
MagiAzi 500 Tablet,LLPAzithromycin,500mg
Gemprime M 2mg/500mg Tablet SR,Glimepiride,2mg
Aqtan 25mg Tablet,Losartan,25mg
Decplist P Tablet,Diclofenac,50mg
Tefsole 10mg Tablet,Baclofen,10mg
Gether 80 Tablet,Artemether,80mg
Thiocid 100mg/4mg Tablet,Aceclofenac,100mg
Ulceger-DSR Capule,Domperidone,30mg
Tryjust Met MP 2 Tablet SR,Glimepiride,2mg
Eycef-LB 200 Tablet DT,Cefixime,200mg
Ostil 5mg Tablet,Chlorpromazine,5mg
Nitus Tablet,Phenylephrine,10mg
Zithrox Plus Kid Tablet,Cefixime,100mg
Nicflox-OZ Tablet,Ofloxacin,200mg
Nebimax-SA 5mg/2.5mg Tablet,Nebivolol,5mg
Kyuten-Gold Softgel Capsule,Lycopene,5000mcg
Pregaba SR 75 Tablet,Pregabalin,75mg
Ribxor 20mg Tablet,Rabeprazole,20mg
Zizi 100mg Tablet DT,Azithromycin,100mg
Numox 250 mg/250 mg Capsule,Amoxycillin,250mg
Zoetel 40mg Tablet,Telmisartan,40mg
Oftic OZ 200mg/500mg Tablet,Ofloxacin,200mg
Fenofibric 105mg Tablet,Fenofibrate,105mg
Ramifactor 5mg Tablet,Ramipril,5mg
Cipmido 5mg Tablet,Midodrine,5mg
Dystorva 10mg Tablet,Atorvastatin,10mg
Azinax 500mg Tablet,Azithromycin,500mg
Flosri 400mg Tablet,Ofloxacin,400mg
Pantomart Tablet,Pantoprazole,40mg
Roxiloc 250 Tablet,Cefuroxime,250mg
Pfanto D 30mg/40mg Capsule SR,Domperidone,30mg
Penz-IT 40mg/150mg Tablet,Pantoprazole,40mg
Metshine 2mg/500mg Tablet,Glimepiride,2mg
Focin O 200mg Tablet,Ofloxacin,200mg
Laripod 200mg Tablet,Proxetil,200mg
Acioff-D 10mg/40mg Capsule,Domperidone,10mg
Starval 160mg Capsule,Valsartan,160mg
Teninef-M 500mg/20mg Tablet,Metformin,500mg
Durite Plus 50mg/20mg Tablet,Spironolactone,50mg
Mucosys 600 Tablet,Acetylcysteine,600mg
Praznate 20mg Tablet,Rabeprazole,20mg
Delto 0.5mg Tablet,Alprazolam,0.5mg
Skyfi Capsule 250mg/250mg/60Millionspores,Amoxycillin,250mg
AZAfly 50mg Tablet,Azathioprine,50mg
Embeta XR 25 Tablet,Succinate,23.75mg
SEtral 50 Tablet,Sertraline,50mg
Rebaxide Tablet,Chlordiazepoxide,2.5mg
Etorelief 120mg Tablet,Etoricoxib,120mg
Zuriram 2.5mg Tablet,Ramipril,2.5mg
Kaizem 120mg Capsule,Diltiazem,120mg
Omerole D 10mg/20mg Capsule,Domperidone,10mg
Aklomax SP 100mg/325mg/15mg Tablet,Aceclofenac,100mg
Nospike 0.3mg Tablet MD,Voglibose,0.3mg
CTD-T 12.5/80 Tablet,Telmisartan,80mg
Ession 150mg Tablet ER,Bupropion,150mg
Osflox 200mg Tablet,Ofloxacin,200mg
Toromus 0.5 Capsule,Tacrolimus,0.5mg
Restan Plus 0.5mg/10mg Tablet,Clonazepam,0.5mg
Rabikard-L Capsule PR,Levosulpiride,75mg
Ucorab DSR 30mg/20mg Capsule,Domperidone,30mg
Planep-T 20 Kit,Eplerenone,25mg
Torlow 20mg Tablet,Atorvastatin,20mg
Korogen-NP Tablet,Pregabalin,75mg
Raycox Plus 60mg/325mg Tablet,Etoricoxib,60mg
Agzole 40mg Tablet,Pantoprazole,40mg
Telzun-MT 40mg/25mg Tablet,Telmisartan,40mg
Autinea 3 Tablet MD,Risperidone,3mg
Acfeo P 100mg/325mg Tablet,Aceclofenac,100mg
Mosasef 2.5mg Tablet,Mosapride,2.5mg
Pionorm-M 15 Tablet SR,Pioglitazone,15mg
Floscot D 0.4mg/0.5mg Tablet,Tamsulosin,0.4mg
Racdom DSR Capsule,Domperidone,30mg
SEtral 100mg Tablet,Sertraline,100mg
Etonon TH 60mg/8mg Tablet,Etoricoxib,60mg
Astiride MP 1mg/500mg/15mg Tablet SR,Glimepiride,1mg
Telmikind Beta 40mg/25mg Tablet ER,Telmisartan,40mg
Mirfast 15mg Tablet,Mirtazapine,15mg
Lowsterol-C Capsule,Rosuvastatin,10mg
Omeepik D Capsule,Domperidone,10mg
Oftrail OZ 200mg/500mg Tablet,Ofloxacin,200mg
Ticin 150mg Tablet,Rifampicin,150mg
Emodom 4mg Tablet,Ondansetron,4mg
Zoryl MP LD 1mg/500mg/7.5mg Tablet,Glimepiride,1mg
Etymax 90 Tablet,Etoricoxib,90mg
Simlo EZ 10mg/10mg Tablet,Simvastatin,10mg
Bisamlo 7.5 Tablet,Amlodipine,2.5mg
Amlokind-L Tablet,Losartan,50mg
Noxi P 8mg/325mg Tablet,Lornoxicam,8mg
Stebar-DSR Capsule,Domperidone,30mg
Dapamace-M Tablet SR,Dapagliflozin,10mg
Alrest 0.5mg Tablet,Alprazolam,0.5mg
Fimial-LB Tablet,Cefixime,200mg
Urodic 300mg Tablet,Acid,300mg
Fevorit O 200 mg/200 mg Tablet,Cefixime,200mg
Alervo M Kid 2.5mg/4mg Tablet,Levocetirizine,2.5mg
Zidolin 600 Tablet,Linezolid,600mg
Iverise 12mg Tablet,Ivermectin,12mg
Aconmyth G 300mg/500mcg Tablet,Gabapentin,300mg
Defzone 6 Tablet,Deflazacort,6mg
Nifetag 20mg Tablet,Nifedipine,20mg
Ventiflo 100mcg Capsule,Propionate,100mcg
Md Dox LB Capsule,Doxycycline,100mg
Etiban 0.5 Tablet,Etizolam,0.5mg
Sydic-P Tablet,Diclofenac,50mg
Yivan 650mg Tablet,Paracetamol,650mg
Pirazole SD 30 mg/40 mg Tablet SR,Domperidone,30mg
Winlox OZ 200mg/500mg Tablet,Ofloxacin,200mg
Azewell 500 Tablet,Azithromycin,500mg
Vogipax GM 2mg/500mg/0.2mg Tablet,Glimepiride,2mg
Targit 20 Tablet,Telmisartan,20mg
Powernac 200SR Tablet,Aceclofenac,200mg
Butaflox OZ 200mg/500mg Tablet,Ofloxacin,200mg
Olansys 2.5mg Tablet,Olanzapine,2.5mg
Qutipin SR 300 Tablet,Quetiapine,300mg
E-Ova L 2.5 Tablet,Letrozole,2.5mg
Abipra LS 75mg/20mg Capsule SR,Levosulpiride,75mg
Prodox L Capsule,Doxycycline,100mg
Nock 3 100 mg/500 mg/15 mg Tablet,Aceclofenac,100mg
Sevent 800mg Tablet,Sevelamer,800mg
Pantax-D 10mg/40mg Tablet,Domperidone,10mg
Jaypred 4 Tablet,Methylprednisolone,4mg
Aram 100mg/500mg Tablet,Nimesulide,100mg
Azirab 500 Tablet,Azithromycin,500mg
Fluco S 50mg Capsule,Fluconazole,50mg
Sexigra 100mg Tablet,Sildenafil,100mg
Golina M 500mg/5mg Tablet,Metformin,500mg
Omio D 30mg/20mg Capsule SR,Domperidone,30mg
Oromox 500mg Capsule,Amoxycillin,500mg
Olipin 10mg Tablet,Olanzapine,10mg
Sporcip 500mg Tablet,Ciprofloxacin,500mg
Leerox 500mg Tablet,Cefuroxime,500mg
Azithree 250mg Tablet,Azithromycin,250mg
Telro AH 40mg/5mg/12.5mg Tablet,Telmisartan,40mg
Rabez-IT 20mg/150mg Capsule,Rabeprazole,20mg
Prazolin 2.5 Tablet SR,Prazosin,2.5mg
AC Live P 100mg/325mg Tablet,Aceclofenac,100mg
Fiapan 40 Tablet,Pantoprazole,40mg
Nixitral 100 Capsule,Itraconazole,100mg
Levostar Tablet,Levocetirizine,5mg
Nanospas 80mg/250mg Tablet,Drotaverine,80mg
Asthamon 4mg Tablet,Montelukast,4mg
Gliklakaps M 80mg/500mg Tablet,Gliclazide,80mg
Allergicure-LC Tablet,Levocetirizine,5mg
Prado 200mg Tablet,Proxetil,200mg
Diclorokk P 50mg/325mg Tablet,Diclofenac,50mg
Seem 500mg Tablet,Cefuroxime,500mg
Azya 500mg Tablet,Azithromycin,500mg
Delotadine M Tablet,Desloratadine,5mg
Glimoris M 2mg/500mg Tablet,Glimepiride,2mg
Sapfix O 200mg/200mg Tablet,Cefixime,200mg
Aok P 100mg/325mg Tablet,Aceclofenac,100mg
Astoflav 200 Tablet,Flavoxate,200mg
Sorazol Tablet,Esomeprazole,40mg
Cifomed 500 Tablet,Ciprofloxacin,500mg
Nash 50mg Tablet,Sertraline,50mg
Cadiplex Forte Capsule,Methylcobalamin,1500mcg
Dipride 2mg Tablet,Glimepiride,2mg
Erdostyne Capsule,Erdosteine,300mg
Dycreflat 10000 Capsule,Pancreatin,10000mg
Eciclo MR 100mg/325mg/15mg Tablet,Aceclofenac,100mg
Rabestop-D Capsule SR,Domperidone,30mg
Add Clav 500 mg/125 mg Tablet,Amoxycillin,500mg
Vertisure 16mg Tablet,Betahistine,16mg
Levogood Tablet 250mg,Levofloxacin,250mg
Gabator NT 200 Tablet,Gabapentin,200mg
Doxyreva LB 100mg/5Billion Spores Tablet,Doxycycline,100mg
Nimucon Plus Tablet,Nimesulide,100mg
Zylneomet 500 Tablet,Metformin,500mg
Cipona 200mg Tablet,Proxetil,200mg
Amsurge AT 5mg/50mg Tablet,Amlodipine,5mg
Doxspar LB 100mg Capsule,Doxycycline,100mg
Floxomarg OZ 200mg/500mg Tablet,Ofloxacin,200mg
Droty 40mg Tablet,Drotaverine,40mg
Finrab D 30mg/20mg Capsule SR,Domperidone,30mg
Pantazin-DSR Capsule,Domperidone,30mg
Zepin 200mg Tablet,Carbamazepine,200mg
Roxyrol 150mg Tablet,Roxithromycin,150mg
Novamox 500 Capsule,Amoxycillin,500mg
Newglim MV 2mg/500mg/0.2mg Tablet,Glimepiride,2mg
Ozothine 500mg Tablet,Azithromycin,500mg
Analieva Tablet,Anastrozole,1mg
Isryl-M 4 Forte Tablet PR,Glimepiride,4mg
Glipril PM 2mg/500mg/15mg Tablet,Glimepiride,2mg
Apgesic-MR Tablet,Aceclofenac,100mg
Awin Kid 200mg/28.5mg Tablet DT,Amoxycillin,200mg
Airbid-LC Tablet,Levocetirizine,5mg
Floxtem L 500mg Tablet,Levofloxacin,500mg
Zenostin-CV Capsule IR,Rosuvastatin,20mg
Alphaflox 200mg Tablet,Ofloxacin,200mg
Dtrama P 37.5mg/325mg Tablet,Tramadol,37.5mg
Nuram G 750mcg/75mg Capsule,Methylcobalamin,750mcg
Ursotag 300mg Tablet,Acid,300mg
Dikmol P 50mg/325mg Tablet,Diclofenac,50mg
Cortiza 6 Tablet,Deflazacort,6mg
Risfer 2mg Tablet,Risperidone,2mg
Thioford AP Tablet,Thiocolchicoside,4mg
Insusita 50mg Tablet,Sitagliptin,50mg
Idcort 6 Tablet,Deflazacort,6mg
MecoFEEL Capsule,Acid,200mg
Speycef O 200mg Tablet,Cefixime,200mg
Sylibon Gold Softgel Capsule,Acid,90mg
Azifort 500 Tablet,Azithromycin,500mg
Fiximax CV 200mg/125mg Tablet,Cefixime,200mg
Safe Nitro 2.6mg Tablet,Nitroglycerin,2.6mg
Dmbest M 10mg/500mg Tablet,Dapagliflozin,10mg
Nocid D 10mg/20mg Capsule,Domperidone,10mg
Glibenmet 5mg/500mg Tablet,Glibenclamide,5mg
Lipid 10mg Tablet,Atorvastatin,10mg
Ruholox 200mg Tablet,Ofloxacin,200mg
Domtel 10mg Tablet,Domperidone,10mg
Flownex 8 Capsule,Silodosin,8mg
Azisam 500 Tablet,Azithromycin,500mg
Flowlin D 0.4mg/0.5mg Tablet,Tamsulosin,0.4mg
Kenaz SP 100mg/325mg/15mg Tablet,Aceclofenac,100mg
Markrid 5 Tablet,Levocetirizine,5mg
Nimuder P 100mg/325mg Tablet,Nimesulide,100mg
Mnotas AB 200mg/10mg Tablet,Acebrophylline,200mg
Noem 4mg Tablet,Ondansetron,4mg
Rabemind 20mg Tablet,Rabeprazole,20mg
Amecort 4mg Tablet,Acetonide,4mg
Ethixime SB 200mg/150mg Tablet,Cefixime,200mg
Segera ER 40 Tablet,Febuxostat,40mg
Asroc Gold 75mg/10mg/75mg Capsule,Aspirin,75mg
Zymride 1 Tablet,Glimepiride,1mg
Asnim P 100mg/325mg Tablet,Nimesulide,100mg
NU Cadcium Tablet,Malate,1180mg
Tefcode CV 200mg/125mg Tablet,Proxetil,200mg
Zericef CV 500mg/125mg Tablet,Cefuroxime,500mg
Gedase D 50mg/10mg Tablet,Diclofenac,50mg
Preganev NT Tablet,Pregabalin,75mg
Fupert-P 100mg/325mg Tablet,Flupirtine,100mg
Amijos 50mg Tablet,Amitriptyline,50mg
Zopic 0.25mg Tablet,Alprazolam,0.25mg
Dikpact-MR Tablet,Chlorzoxazone,250mg
Miraz 7.5 Tablet,Mirtazapine,7.5mg
Tesenta DP 10mg/5mg Tablet,Dapagliflozin,10mg
Entracid-LS Capsule,Levosulpiride,75mg
Arthorace Plus Tablet,Glucosamine,500mg
Yanomet-AM 50/5 Tablet PR,Amlodipine,5mg
Saicef-CV 200mg/125mg Tablet,Cefixime,200mg
Salgatran 400mg/80mg Tablet,Sulfamethoxazole,400mg
Acesta MR 100mg/325mg/250mg Tablet,Aceclofenac,100mg
Metaplus 650mg Tablet,Paracetamol,650mg
Sevpari 400 Tablet,Sevelamer,400mg
Kleputab-FM Tablet,Montelukast,10mg
Erisita-M Forte Tablet,Sitagliptin,50mg
Droxne Tablet,Hydroxyzine,25mg
Pregapil M 750mcg/75mg Capsule,Methylcobalamin,750mcg
Doxoleaf M 400mg/10mg Tablet,Doxofylline,400mg
levowiz 10mg Tablet,Levocetirizine,10mg
Reol L 75mg/20mg Capsule SR,Levosulpiride,75mg
Zolegut 20 Tablet,Rabeprazole,20mg
Elzen Beta 25 Tablet ER,Telmisartan,40mg
Nac P 600mg/42.5mg Tablet,Acetylcysteine,600mg
Intaceph 500mg Capsule,Cefalexin,500mg
Ozovas-AV 75 Capsule,Atorvastatin,10mg
Levofit 750mg Tablet,Levofloxacin,750mg
M Mox Plus 500mg Capsule,Amoxycillin,500mg
Iversian 12mg Tablet,Ivermectin,12mg
Bisobis A 5mg/5mg Tablet,Amlodipine,5mg
Amisam 100mg Tablet,Amisulpride,100mg
Spastyx MF 20mg/250mg Tablet,Dicyclomine,20mg
Rest Aid OD  10mg/10mg Tablet,Doxylamine,10mg
Piogis 30mg Tablet,Pioglitazone,30mg
Kediclo-TH4 Tablet,Aceclofenac,100mg
Levorite 500mg Tablet,Levofloxacin,500mg
Revelol XL 50 Tablet,Succinate,47.5mg
R Mox CV 250 mg/125 mg Tablet,Amoxycillin,250mg
Syfix 100mg Tablet,Cefixime,100mg
Olmeglare 40mg Tablet,Medoxomil,40mg
Olmefens 40mg Tablet,Medoxomil,40mg
Neogrel 75mg Tablet,Clopidogrel,75mg
Althopod 200mg Tablet,Proxetil,200mg
Empacon-Met Tablet,Empagliflozin,12.5mg
Ekzithro 250 Tablet,Azithromycin,250mg
Etowish 90 Tablet,Etoricoxib,90mg
Encelin 50mg Tablet,Vildagliptin,50mg
Olmetrack CT 40/12.5 Tablet,Medoxomil,40mg
Etrogod P 60mg/325mg Tablet,Etoricoxib,60mg
Etigen 0.5mg Tablet MD,Etizolam,0.5mg
Tetrafol L-Methylfolate Tablet,Folate,7.5mg
LAXOclear Tablet,Picosulfate,10mg
IndITEL 80 Tablet,Telmisartan,80mg
Histagon-L Tablet,Levocetirizine,5mg
Ralicef 200 Tablet,Cefixime,200mg
Kasopan D 10 mg/40 mg Tablet,Domperidone,10mg
Olip 2.5mg Tablet,Olanzapine,2.5mg
Dapaalfa 5mg Tablet,Dapagliflozin,5mg
Sterilone 8 Tablet,Methylprednisolone,8mg
Rosutos 20 Tablet,Rosuvastatin,20mg
Rabicea 20mg Tablet,Rabeprazole,20mg
Zensartan-AM 40mg/5mg Tablet,Telmisartan,40mg
B-Stil 8 Tablet,Betahistine,8mg
Itrosia 200mg Capsule,Itraconazole,200mg
Fiboxib P Tablet,Etoricoxib,60mg
Ocan 50mg Tablet,Fluconazole,50mg
Telmijak 40mg Tablet,Telmisartan,40mg
Z Pod CV 200mg/125mg Tablet,Proxetil,200mg
Genericart Dutasteride 0.5mg Tablet,Dutasteride,0.5mg
Gabarich NT Tablet,Gabapentin,100mg
Logistic 125mg Tablet,Amoxycillin,125mg
Dicotan SP 50mg/325mg/10mg Tablet,Diclofenac,50mg
Telturn CT 12.5mg/40mg Tablet,LLPTelmisartan,12.5mg
Qrepa 2mg Tablet,Repaglinide,2mg
Acewok Plus Tablet,Aceclofenac,100mg
Repamade Tablet,Repaglinide,2mg
Evirab 20 Tablet,Rabeprazole,20mg
Doxamed 10mg/10mg Tablet,Doxylamine,10mg
Monsam Tablet,Levocetirizine,5mg
Wilybact Capsule,Oligosaccharide,300mg
Sefirin O 200mg/200mg Tablet,Cefixime,200mg
Torsefine 20mg Tablet,Torasemide,20mg
Anac 100mg Tablet,Aceclofenac,100mg
Pantoflux 10mg/20mg Capsule,Domperidone,10mg
Inoff 5mg Tablet,Serratiopeptidase,5mg
Bupron 300mg Tablet SR,Bupropion,300mg
Advomont-L Tablet,Levocetirizine,5mg
Dapazol S 10mg/100mg Tablet,Dapagliflozin,10mg
Flamonil MR Tablet,Chlorzoxazone,250mg
Ethamsyl 250mg Tablet,Ethamsylate,250mg
Gutrex D 2.5mg/5mg/10mg Tablet,Clidinium,2.5mg
Olmefit 20mg Tablet,Medoxomil,20mg
Sitamax Trio 10mg/500mg/100mg Tablet,Dapagliflozin,10mg
Osixim O LB 200mg/200mg Tablet,Cefixime,200mg
Dom-DT 20 Tablet,Domperidone,20mg
⁠Icoclav 625 Tablet,Amoxycillin,500mg
Jyloxy CV LB 500mg/125mg Tablet,Amoxycillin,500mg
Zoldac 0.5mg TABLET,Alprazolam,0.5mg
Zestoron 200mg Tablet SR,Progesterone,200mg
Spas K 20mg/50mg Tablet,Dicyclomine,20mg
Noriron 10mg Tablet CR,Norethisterone,10mg
L Cbit FX 120mg Tablet,Fexofenadine,120mg
Glimfirst MP 1mg/500mg/15mg Tablet,Glimepiride,1mg
Oxarin OZ 200mg/500mg Tablet,Ofloxacin,200mg
Ismo 10 Tablet,Mononitrate,10mg
Lacorate 50mg Tablet,Lacosamide,50mg
Sehwin Nim 100mg/325mg Tablet,Nimesulide,100mg
Atorinn CV 10mg/75mg Capsule,Atorvastatin,10mg
Elora Odt 5mg Tablet,Desloratadine,5mg
Fextida-M Tablet,Montelukast,10mg
Metilife 80mg/500mg Tablet,Gliclazide,80mg
Acosil-P Tablet,Aceclofenac,100mg
Metpure-AM 5 Tablet MR,Amlodipine,5mg
Locet 5mg Tablet,Cetirizine,5mg
Booncal M Softgel Capsule,Calcitriol,0.25mg
Alfufast D 10mg/0.5mg Tablet,Alfuzosin,10mg
Monoxil-FX Tablet,Montelukast,10mg
Sizomant-Forte Tablet,Risperidone,3mg
Elu 5mg Tablet,Levocetirizine,5mg
Dorfix CV Tablet,Cefixime,200mg
Lookcef LB 100mg Tablet DT,Cefixime,100mg
Acecure TH 100mg/4mg Tablet,Aceclofenac,100mg
Gabawinthy-AT 300/10 Tablet SR,Gabapentin,300mg
Drorim DM 80mg/250mg Tablet,Drotaverine,80mg
Pangy 40mg Tablet,Pantoprazole,40mg
Doxfyl AM 400mg/30mg Tablet,Doxofylline,400mg
NIcardIA CD Retard 30 Tablet SR,Nifedipine,30mg
Isopic 20mg Soft Gelatin Capsule,Isotretinoin,20mg
Halxim 200 DT Tablet,Cefixime,200mg
Anispas 20mg/100mg Tablet,Dicyclomine,20mg
Atormat 20mg Tablet,Atorvastatin,20mg
Allegratune 180 Tablet,Fexofenadine,180mg
Nucoril 10mg Tablet,Nicorandil,10mg
Olmo M 20mg/25mg Tablet,Medoxomil,20mg
Esmood 10mg Tablet,Oxalate,10mg
Lorispa 10mg Tablet,Loratadine,10mg
Tolrobest 2mg Tablet ER,Tolterodine,2mg
Klaff Kid 200mg/28.5mg Tablet,Amoxycillin,200mg
Lukcet M Tablet,Levocetirizine,5mg
Esmoz-DSR Capsule,Domperidone,30mg
Dngest 2mg Tablet,Dienogest,2mg
Protogut 30mg Capsule,Lansoprazole,30mg
Geeflox 500mg Tablet,Levofloxacin,500mg
Pentaloc D Forte 10mg/40mg Tablet,Domperidone,10mg
StayHappi Metformin+Voglibose 500mg/0.3mg Tablet,Metformin,500mg
Lornoxi 4mg Tablet,Lornoxicam,4mg
Wikifix O 200mg/200mg Tablet,Cefixime,200mg
Simpod O 200mg/200mg Tablet,Proxetil,200mg
Repacheck 0.5mg Tablet,Repaglinide,0.5mg
Kvfix 200mg Tablet,Cefixime,200mg
Sizonorm Forte Tablet,Chlordiazepoxide,50mg
Predlex 8mg Tablet,Methylprednisolone,8mg
Kamtac 150mg Tablet,Ranitidine,150mg
Aztec D 10mg/150mg Tablet,Domperidone,10mg
Gliminac M 3mg/500mg Tablet,Glimepiride,3mg
Atfrost Tablet,Caffeine,30mg
Odinerv NT 75mg/10mg/1500mcg Tablet,Pregabalin,75mg
Lipicure-TG Tablet,Atorvastatin,10mg
Dormis 80 Tablet,Drotaverine,80mg
Loson 250mg Tablet,Levofloxacin,250mg
Epigon 10mg Tablet,Clobazam,10mg
Trigasens N 75mg/10mg Tablet,Pregabalin,75mg
Nyorab D 10mg/20mg Tablet,Domperidone,10mg
Urtipic 5mg Tablet,Levocetirizine,5mg
Engaba 75mg Tablet,Pregabalin,75mg
Linozest 600mg Tablet,Linezolid,600mg
Lorapt P 8mg/325mg Tablet,Lornoxicam,8mg
Glimed 500mg Tablet SR,Metformin,500mg
Lacoron 200mg Tablet,Lacosamide,200mg
Gastoprazole D 30mg/40mg Tablet,Domperidone,30mg
Rabbris D 30mg/20mg Capsule SR,Domperidone,30mg
Zevid OZ 200 mg/500 mg Tablet,Ofloxacin,200mg
Itravians 100mg Tablet,Itraconazole,100mg
Neorelax SP Tablet,Aceclofenac,100mg
Qml 300mg Tablet,Quinine,300mg
Astepan-D 10mg/40mg Tablet,Domperidone,10mg
Trmspas Tablet,Dicyclomine,20mg
Raberich 20mg Tablet,Rabeprazole,20mg
Sanchi P 100mg/325mg Tablet,Nimesulide,100mg
Amlospin AT 5mg/50mg Tablet,Amlodipine,5mg
Oditron 4mg Tablet MD,Ondansetron,4mg
Eastagem Max NP Tablet,Pregabalin,75mg
Deflest 6mg Tablet,Deflazacort,6mg
Rabecol 20mg Tablet,Rabeprazole,20mg
Rixinim-P Tablet,Nimesulide,100mg
Atamra 20mg Tablet,Atorvastatin,20mg
Ampifresh CX 250mg/250mg Capsule,Amoxycillin,250mg
Glimeon MV 2mg/500mg/0.2mg Tablet,Glimepiride,2mg
Neurovin Tablet,Vinpocetine,5mg
Ginkotime Tablet,Piracetam,800mg
Olmebees 40 Tablet,Medoxomil,40mg
Utiwhite Tablet SR,Nitrofurantoin,100mg
Sectocef O 200mg/200mg Tablet,Cefixime,200mg
Qvedox SP 50mg/325mg/15mg Tablet,Diclofenac,50mg
Rr Set 20mg Tablet,LLPRabeprazole,20mg
Etoteem 600mg Tablet SR,Etodolac,600mg
Iverswift 6 Tablet,Ivermectin,6mg
Dicky Plus CX Tablet,Chlorzoxazone,250mg
Peripan-DSR Capsule,Domperidone,30mg
Soflocin OZ 200mg/500mg Tablet,Ofloxacin,200mg
Zicolin 500 Tablet,Citicoline,500mg
Cyblex M 30 XR Tablet,Gliclazide,30mg
Dvldlr-ITZ Capsule,Itraconazole,200mg
Tazix 250mg Tablet,Azithromycin,250mg
Dextake 20mg Tablet,Rabeprazole,20mg
Etobyte P 60mg/325mg Tablet,Etoricoxib,60mg
Coxide Tablet MR,LLPEtoricoxib,60mg
Intramet 50mg Tablet XR,Succinate,50mg
Moxniv 250 Capsule,Amoxycillin,250mg
Elrime 500 Tablet,Cefuroxime,500mg
Rispirol Plus Tablet MD,Risperidone,3mg
Metoink 50 Tablet ER,Succinate,50mg
Bendtus 400mg Tablet,Albendazole,400mg
Ibmeto 50mg Tablet XR,Succinate,50mg
Ondifil 4mg Tablet,Ondansetron,4mg
MetoCARD XL 50 Tablet,Succinate,50mg
Clofur-CV Tablet,Cefuroxime,500mg
Pantorelief-DSR Capsule,Domperidone,30mg
Esocorp RD 30mg/40mg Capsule,Domperidone,30mg
Ace AZ 500mg Tablet,Azithromycin,500mg
Pantal 40 Tablet,Pantoprazole,40mg
RFX 550mg Tablet,Rifaximin,550mg
Noxifex M 10mg/120mg Tablet,Montelukast,10mg
Qidclave 625 Tablet,Amoxycillin,500mg
Fenalin-SP Tablet,Aceclofenac,100mg
Paxin 37.5mg/325mg Tablet,Tramadol,37.5mg
Aznosis 250mg Tablet,Azithromycin,250mg
Axsulide-P Tablet,Nimesulide,100mg
Larinac SP 100mg/15mg Tablet,Aceclofenac,100mg
Ampicon 50mg Tablet,Amisulpride,50mg
Revostat FB Tablet,Fenofibrate,160mg
Lizlic 600mg Tablet,Linezolid,600mg
Glorab 20mg Tablet,Rabeprazole,20mg
Lipivance 10mg Tablet,Rosuvastatin,10mg
Altlip-Gold Capsule,Aspirin,75mg
Premoclox 250mg/250mg Capsule,Ampicillin,250mg
Zexime-O Tablet,Cefixime,200mg
Domnext Tablet,Domperidone,20mg
Demcort 6 Tablet,Deflazacort,6mg
Piracid 400mg Tablet,Piracetam,400mg
DA Sutra 30X 50 mg/30 mg Tablet,Sildenafil,50mg
dapaZOL SM 10mg/1000mg/100mg Tablet,Dapagliflozin,10mg
Duzita 20mg Tablet,Duloxetine,20mg
Histathar-LC Tablet,Levocetirizine,5mg
Binstal 250mg Tablet,Terbinafine,250mg
X-Clave 375 Tablet,Amoxycillin,250mg
Frelet 75 Tablet,Clopidogrel,75mg
HERFLAV 200MG TABLET,Flavoxate,200mg
Etoet 400mg Tablet ER,Etodolac,400mg
Ovee Plus 6mg/400mg Tablet,Ivermectin,6mg
Etowin 60mg Tablet,Etoricoxib,60mg
Eslo 40mg Tablet,Esomeprazole,40mg
AMAT 5MG/10MG TABLET,Amlodipine,5mg
Gliwill 2mg Tablet,Glimepiride,2mg
Ogliz 0.2mg Tablet,Voglibose,0.2mg
Febumist 40mg Tablet,Febuxostat,40mg
Axepta 60mg Tablet,Atomoxetine,60mg
Vomidox Plus Tablet,Doxylamine,10mg
Xilda 50mg Tablet,Vildagliptin,50mg
Oxymark Tablet,Nimesulide,100mg
Dapavas 5mg Tablet,Dapagliflozin,5mg
Aerotak 15mg Tablet,Aripiprazole,15mg
IT A 75 mg/75 mg Tablet,Aspirin,75mg
New Asthelite Forte Tablet,Theophylline,200mg
Etizoram 0.25mg Tablet,Etizolam,0.25mg
Siapan 40mg Tablet,Pantoprazole,40mg
Mucoglad A Tablet,Acebrophylline,100mg
Nusigran Tablet,Granisetron,1mg
Suseiz 2mg Tablet,Glimepiride,2mg
Zepcid D 10mg/20mg Tablet,Domperidone,10mg
Pantage 40 Tablet,Pantoprazole,40mg
Bylax 5mg Tablet,Bisacodyl,5mg
Olmetime-CT 40 Tablet,Medoxomil,40mg
Cilnicab 10mg Tablet,Cilnidipine,10mg
Acecule MR 100mg/325mg/250mg Tablet,Aceclofenac,100mg
Rysu DSR 30mg/20mg Tablet,Domperidone,30mg
Sutib 12.5 Capsule,Sunitinib,12.5mg
CTD-T AM 12.5/80/5 Tablet,Telmisartan,80mg
Panido L  Capsule SR,Levosulpiride,75mg
Rabepraz-DSR Capsule,Domperidone,30mg
Atora EZ Tablet,Atorvastatin,10mg
Olcure Amh 20mg/5mg/12.5mg Tablet,Medoxomil,20mg
Gasonil D 30mg/20mg Capsule,Domperidone,30mg
Sofdase 50 mg/10 mg Tablet,Diclofenac,50mg
Sogeval M 20mg/750mcg Tablet,Duloxetine,20mg
Eprator-IT Capsule SR,Esomeprazole,40mg
Trychem D Tablet,Diclofenac,50mg
Versitol Retard 400 Tablet PR,Carbamazepine,400mg
Etorvas AP 10mg/75mg Capsule,Atorvastatin,10mg
Rabivolt 20 Tablet,Rabeprazole,20mg
Telma-LNC Tablet,Telmisartan,40mg
Pantahox IT 40mg/150mg Capsule,Pantoprazole,40mg
Menicef 250mg Tablet,Cefuroxime,250mg
Nimusen 100mg Tablet MD,Nimesulide,100mg
Torsefine 40 Tablet,Torasemide,40mg
Telcox TH Tablet,Etoricoxib,60mg
Depsonil DZ 2 mg/25 mg Tablet,Diazepam,2mg
Erihana 200mg Capsule,Progesterone,200mg
Zert OD 100mg Tablet,Sertraline,100mg
Micropec 20mg Tablet,Piroxicam,20mg
Itanol 200mg Tablet,Itraconazole,200mg
Zaart 100mg Tablet,Losartan,100mg
Tenipil-M 500mg/20mg Tablet,Metformin,500mg
Ezolent-MD 0.5 Tablet,Etizolam,0.5mg
Nuco Capsule,Methylcobalamin,1500mcg
Azeliren 16mg Tablet,Azelnidipine,16mg
Gasoclik-LS Capsule SR,Levosulpiride,75mg
Montaler 5mg Tablet,Levocetirizine,5mg
Dizalid 600mg Tablet,Linezolid,600mg
Enarazine 25mg Tablet,Cinnarizine,25mg
Yrab-D 30mg/20mg Capsule SR,Domperidone,30mg
Vilbuzz Met 500mg/50mg Tablet,Metformin,500mg
Gri LM 5mg/10mg Tablet,Levocetirizine,5mg
Rocolip 20mg Tablet,Rosuvastatin,20mg
Ofdrill OZ 200mg/500mg Capsule,Ofloxacin,200mg
Kool 5mg/1mg Tablet,Chlordiazepoxide,5mg
Amloma-AT Tablet,Amlodipine,5mg
Aceker M 250mg/325mg Tablet,Acid,250mg
Pantofisch 40mg Tablet,Pantoprazole,40mg
Rimthree Fdc 150 mg/75 mg/275 mg Tablet,Rifampicin,150mg
Riseup D 10mg/30mg Tablet,Tadalafil,10mg
DOSTABIL AD 50mg Tablet,Dosulepin,50mg
Ticabid 60mg Tablet,Ticagrelor,60mg
Telinor 20mg Tablet,Telmisartan,20mg
Heptavir 100mg Tablet,Lamivudine,100mg
Allwin-L Capsule SR,Levosulpiride,75mg
Dicsil Plus 100mg/325mg Tablet,Diclofenac,100mg
Revpred 4mg Tablet,Methylprednisolone,4mg
Edecort 6mg Tablet,Deflazacort,6mg
L Sar 50mg Tablet,Losartan,50mg
Sulmach MD 200 Tablet,Amisulpride,200mg
Mpx-CV KT DT 200mg/28.5mg Tablet,Amoxycillin,200mg
Acnac 200mg Tablet SR,Aceclofenac,200mg
Aequimentin 875mg/125mg Tablet,Amoxycillin,875mg
Levrow 10mg Tablet,Levocetirizine,10mg
Xigduo XR 10mg/1000mg Tablet,Dapagliflozin,10mg
Semi Trigem 2 Tablet SR,Glimepiride,2mg
Saffy-AZ Tablet,Cefixime,200mg
Kuffbeat Tablet,Ambroxol,30mg
Zifpidox CV 200mg/125mg Tablet,Proxetil,200mg
Broside Forte 90mg/48mg/100mg Tablet,Bromelain,90mg
Xavix 10mg Tablet,Rivaroxaban,10mg
Phybro LM 10mg/5mg/200mg Tablet,Montelukast,10mg
Nortin M 300mg/500mcg Tablet,Gabapentin,300mg
Gmef-DV Tablet,Drotaverine,80mg
Metarzane-T Tablet ER,Telmisartan,40mg
Deflabak 6mg Tablet,Deflazacort,6mg
Pancid Plus 10mg/40mg Tablet,Domperidone,10mg
Rabelix 20mg Tablet,Rabeprazole,20mg
Solipure 5mg Tablet,Solifenacin,5mg
Pribanz 75 Capsule,Pregabalin,75mg
Safin PS 100mg/325mg/15mg Tablet,Aceclofenac,100mg
Amoxinex 250mg/250mg Capsule,Amoxycillin,250mg
Fucon 150 Tablet,Fluconazole,150mg
Acikran-D Capsule PR,Domperidone,30mg
Agyfen-TH Tablet,Aceclofenac,100mg
Noconsti 2mg Tablet,Prucalopride,2mg
Sysmol 20mg/500mg Tablet,Dicyclomine,20mg
Webace 100mg Capsule,Palbociclib,100mg
Stoin 300mg Tablet,Phenytoin,300mg
Glco 5mg Tablet,Glibenclamide,5mg
Seren 10mg Tablet,Serratiopeptidase,10mg
Azerox 250mg Tablet,Azithromycin,250mg
Ketonof Tablet,Ketoconazole,200mg
Taxcure LB 200mg Tablet DT,Cefixime,200mg
Uside 50mg Tablet,Amisulpride,50mg
Polmanac Capsule,Polmacoxib,2mg
Mapzolide Tablet,Linezolid,600mg
Daxinac-SP Tablet,Aceclofenac,100mg
Propal 20mg Tablet,Propranolol,20mg
Acelonett P 100mg/500mg Tablet,Aceclofenac,100mg
MQ 600mg Tablet,Quinine,600mg
Telbax-AM Tablet,Telmisartan,40mg
Nimtec P 100mg/500mg Tablet,Nimesulide,100mg
Todnip 50mg Tablet,Dosulepin,50mg
Levetrix  500mg Tablet,Levetiracetam,500mg
Dapixa DM 5mg/1000mg Tablet ER,Dapagliflozin,5mg
Ticasave 60mg Tablet,Ticagrelor,60mg
Azaglide 60mg Tablet XR,Gliclazide,60mg
Molpod CV 200mg/125mg Tablet,Proxetil,200mg
Panvue LS 75mg/40mg Capsule,Levosulpiride,75mg
Zenazin 500 Tablet,Azithromycin,500mg
Alpratech 0.5mg Tablet,Alprazolam,0.5mg
Levolet OZ 250mg/500mg Tablet,Levofloxacin,250mg
Pat-CR 12.5 Tablet,Paroxetine,12.5mg
Medzee 500mg Tablet,Azithromycin,500mg
Kingnerve 3D 75mg/10mg/1500mcg Tablet,Pregabalin,75mg
Mizpad 7.5mg Tablet,Mirtazapine,7.5mg
Benitop L 75mg/40mg Capsule SR,Levosulpiride,75mg
Paraday 650mg Tablet,Paracetamol,650mg
Levogain 500mg Tablet,Levofloxacin,500mg
Ibvog-M 0.3 Tablet,Metformin,500mg
Advicef 500mg Tablet,Cefuroxime,500mg
Lyclor 250mg Tablet,Cefaclor,250mg
Tammislin-F Tablet,Tamsulosin,0.4mg
Keolax 10mg Tablet,Clobazam,10mg
Nat D 30mg/40mg Capsule SR,Domperidone,30mg
Klonaz 0.25mg Tablet,Clonazepam,0.25mg
Rezole-IT 20mg/150mg Capsule,Rabeprazole,20mg
Etiluk 0.25 Tablet MD,Etizolam,0.25mg
Protium 20mg Tablet,Pantoprazole,20mg
Rabetus L 75mg/20mg Capsule SR,Levosulpiride,75mg
ET-Cox 90 Tablet,Etoricoxib,90mg
Zerimox-CV Tablet,Amoxycillin,500mg
Fulnest Plus Tablet,Doxylamine,10mg
Labtyl 100 Tablet,Labetalol,100mg
Arcefenac P 100mg/500mg Tablet,Aceclofenac,100mg
Estomine 5 Tablet,Oxalate,5mg
Rifinim 200mg Tablet,Rifaximin,200mg
Xolfo 200 Tablet,Ofloxacin,200mg
Flico 150mg Tablet,Fluconazole,150mg
Etolot 90mg Tablet,Etoricoxib,90mg
Utjoy N 100mg Tablet,Nitrofurantoin,100mg
Rabikul D 30mg/20mg Tablet SR,Domperidone,30mg
Lemosine 5mg/10mg Tablet,Levocetirizine,5mg
Dermozy 250 Tablet,Azithromycin,250mg
Pro D 2mg Tablet,Dienogest,2mg
Offikuf AD Tablet,Ambroxol,30mg
Tuscold JR Tablet,Paracetamol,325mg
Neotrexate 5mg Tablet,Methotrexate,5mg
Aceone SP Tablet,Aceclofenac,100mg
Epinote 500mg Tablet ER,Divalproex,500mg
Orlica Capsule,Orlistat,120mg
Norcoxib P 60mg/325mg Tablet,Etoricoxib,60mg
Liboce 0.3mg Tablet,Voglibose,0.3mg
Telglip 20mg Tablet,LLPTeneligliptin,20mg
Olmeflex 40mg Tablet,Medoxomil,40mg
Argifizz 1500mg Tablet,Arginine,1500mg
Oltef 200mg Tablet,Ofloxacin,200mg
Diagus 2mg/500mg Tablet,Glimepiride,2mg
Divalnar XR 250 Tablet,Divalproex,250mg
Vicoten 16 Tablet,Betahistine,16mg
Depitrip-M 10/1000 Tablet ER,Dapagliflozin,10mg
Nimlot P 100mg/325mg Tablet,Nimesulide,100mg
Omen Act Tablet,Medoxomil,20mg
Dexnova 30mg Capsule,Dexlansoprazole,30mg
Aszith Tablet,Azithromycin,250mg
Dicloglobe P 50mg/500mg Tablet,Diclofenac,50mg
Udi 1 Tablet,Acid,300mg
Pardisvan D 50mg/325mg Tablet,Diclofenac,50mg
Acer Fort 50mg/10mg Tablet,Diclofenac,50mg
Zetivas 10mg/10mg Tablet,Atorvastatin,10mg
Morbitime 200 Tablet,Rifaximin,200mg
Sancet 10mg Tablet,Cetirizine,10mg
Acequick SP 100mg/325mg/15mg Tablet,Aceclofenac,100mg
Voage-MS 500 Tablet ER,Dapagliflozin,10mg
Prorab-D Capsule SR,Domperidone,30mg
Diclocox MR 250mg/50mg/325mg Tablet,Chlorzoxazone,250mg
Fixotix 250mg Tablet,Levofloxacin,250mg
Gabacol-M 300 Tablet,Gabapentin,300mg
Fluvit 150mg Tablet,Fluconazole,150mg
Amlonik 5mg Tablet,Amlodipine,5mg
Kycetam 500mg Tablet,Levetiracetam,500mg
Regestrone CR 15mg Tablet,Norethisterone,15mg
Esogud 20mg Capsule,Esomeprazole,20mg
Etizola Plus 10 Tablet,Etizolam,0.5mg
Gleefen 10mg Tablet,Baclofen,10mg
Hitspas 80mg/250mg Tablet,Drotaverine,80mg
Pramirol 0.125 Tablet,Pramipexole,0.125mg
Pantorac-DSR Capsule,Domperidone,30mg
Motidom 20mg Tablet DT,Domperidone,20mg
N-Sanigest 100mg Capsule,Progesterone,100mg
Glizeal P 1mg Tablet,Glimepiride,1mg
Maziepraz L 75mg/40mg Capsule,Levosulpiride,75mg
Wesnac T 100mg/4mg Tablet,Aceclofenac,100mg
Easyfeel 2mg Tablet,Clonazepam,2mg
Lita 30mg Tablet,Pioglitazone,30mg
Furosil 250mg Tablet DT,Cefuroxime,250mg
Azab 500mg Tablet,Azithromycin,500mg
Isonit 10mg Tablet,Mononitrate,10mg
Zintoleaf AM 5mg/60mg Tablet,Levocetirizine,5mg
Warf 2 Tablet,Warfarin,2mg
Tufcid L 75mg/40mg Capsule SR,Levosulpiride,75mg
Dolamide Tablet,Nimesulide,100mg
Omilio-D Capsule,Domperidone,10mg
Betaone Atr 50mg/10mg Capsule,Succinate,50mg
Koserab IT 20mg/150mg Capsule SR,Rabeprazole,20mg
Strab D 30mg/20mg Capsule SR,Domperidone,30mg
Zamba 5 Tablet,Clobazam,5mg
Cardiplan 40mg Tablet,Propranolol,40mg
Telmilex 20mg Tablet,Telmisartan,20mg
Allitoflox 200 Tablet,Ofloxacin,200mg
Axces P 100mg/500mg Tablet,Aceclofenac,100mg
Telmican 40mg Tablet,Telmisartan,40mg
T Fall 650mg Tablet,Paracetamol,650mg
Lapodia MR 325mg/250mg Tablet,Paracetamol,325mg
Pamel 40mg Tablet,Pantoprazole,40mg
Triexer LS 2 Tablet SR,Glimepiride,2mg
Fenacare 120mg Tablet,Fexofenadine,120mg
Gabadon M 300mg/500mcg Tablet,Gabapentin,300mg
Razitic D 10mg/20mg Capsule,Domperidone,10mg
Emparock 10 Tablet,Empagliflozin,10mg
Relatin 100mg Tablet,Sertraline,100mg
Dericef 125mg Tablet,Cefuroxime,125mg
Telmigal 40mg Tablet,Telmisartan,40mg
Daparyl -L 10/5 Tablet,Dapagliflozin,10mg
Luzon 2.5 Tablet,Lorazepam,2.5mg
Dsorolen Forte 25mg Tablet,Trioxasalen,25mg
Isotriz 10mg Soft Gelatin Capsule,Isotretinoin,10mg
Azyric 500mg Tablet,Azithromycin,500mg
Rabby 20mg Tablet,Rabeprazole,20mg
Britorva CV 10mg/75mg Capsule,Atorvastatin,10mg
Rabeton LS 75mg/20mg Capsule,Levosulpiride,75mg
Trirubi 90mg/48mg/100mg Tablet,Bromelain,90mg
Emperide MP 1 Tablet,Glimepiride,1mg
Ryptoy Tablet,Bromelain,90mg
Cardivas 6.25 Tablet,Carvedilol,6.25mg
Ufiflox OZ 200mg/500mg Tablet,Ofloxacin,200mg
Recalmin-D3 Fem Softgel Capsule,Calcitriol,0.25mcg
Epalridase 50mg Tablet,Epalrestat,50mg
Geodef 6mg Tablet,Deflazacort,6mg
Somecid 20mg Capsule,Omeprazole,20mg
Flupidax 100mg Tablet,Flupirtine,100mg
Levosung-M Tablet,Levocetirizine,5mg
Recpod CV 200mg/125mg Tablet,Proxetil,200mg
Zerosaid P 100mg/325mg Tablet,Aceclofenac,100mg
Met XL Trio 25 Tablet,Cilnidipine,10mg
Lenofect 10mg Capsule,Lenalidomide,10mg
Musran 400mg Tablet ER,Etodolac,400mg
Ilgov 0.2mg Tablet,Voglibose,0.2mg
Ulorno P 8mg/325mg Tablet,Lornoxicam,8mg
Tario 200mg Tablet DT,Proxetil,200mg
OC 21 TABLET,Levonorgestrel,1.5mg
Axeldox 100 Capsule,Acebrophylline,100mg
Ranzole Capsule,Omeprazole,20mg
Surnac 100mg/325mg Tablet,Aceclofenac,100mg
Gabastar 100mg Tablet,Gabapentin,100mg
Tbr-Shine-D Tablet,Trypsin,48mg
Flavorov 200mg Tablet,Flavoxate,200mg
Lorsco 1mg Tablet,Lorazepam,1mg
Zivotel AM 40mg/5mg Tablet,Telmisartan,40mg
Xyflox 200mg Tablet,Ofloxacin,200mg
Katcef LB 200mg Tablet,Cefixime,200mg
Genericart Glimepiride+Metformin+Pioglitazone  1mg/500mg/15mg Tablet SR,Glimepiride,1mg
Stoxime-CV Tablet,Proxetil,200mg
Nifidip 20mg Tablet,Nifedipine,20mg
Amrofix Clav Kid Tablet,Amoxycillin,250mg
Meberox 200 SR Capsule,Mebeverine,200mg
Setrifa 400mg Tablet,Rifaximin,400mg
Robidil D 30mg/20mg Capsule SR,Domperidone,30mg
Arodep 10mg Capsule,Fluoxetine,10mg
Fucrol 150mg Tablet,Fluconazole,150mg
Betadeaf 16mg Tablet,Betahistine,16mg
R Zine 10mg Tablet,Cetirizine,10mg
Raberic 20mg Tablet,Rabeprazole,20mg
Kefuel 500mg Tablet,Cefuroxime,500mg
L-Rizo Tablet,Levocetirizine,5mg
Repose 50mg Tablet,Sertraline,50mg
Rozula 20mg Tablet,Rosuvastatin,20mg
Clavilip 10 Capsule,Atorvastatin,10mg
MetoLAR XT 50 Tablet,Tartrate,50mg
Stepsfree-TH4 Tablet,Thiocolchicoside,4mg
Zaptin 25mg/0.5mg Tablet CR,Paroxetine,25mg
Rabenova 20 Tablet,Rabeprazole,20mg
Diclogold Plus 50mg/500mg Tablet,Diclofenac,50mg
Etoriglob 60mg Tablet,Etoricoxib,60mg
Binerve 1500 Tablet SR,Methylcobalamin,1500mcg
Rabizorb MPS Capsule SR,Domperidone,30mg
Metacard 60mg Tablet CR,Trimetazidine,60mg
Losfirst 50mg Tablet,Losartan,50mg
Docrab 20 Tablet,Rabeprazole,20mg
Rojeska CV 10mg/75mg Capsule,Rosuvastatin,10mg
Rule IT 20mg/150mg Capsule,Rabeprazole,20mg
Theocold Plus Tablet,Caffeine,30mg
Rhe-Kit Tablet,Rifampicin,450mg
Asprito 2 Tablet,Aripiprazole,2mg
Jiyobon 500mg Tablet,Citicoline,500mg
Paxura 25 Tablet,Paroxetine,25mg
Kaloxur-OZ Tablet,Ofloxacin,200mg
Olanmat 10mg Tablet MD,Olanzapine,10mg
Soltus OD 100 Tablet SR,Amisulpride,100mg
Picmox 625 Tablet,Amoxycillin,500mg
Dapaneu-M Forte Tablet ER,Dapagliflozin,10mg
Offmed 200mg Tablet,Ofloxacin,200mg
Epraz D 10mg/20mg Capsule,Domperidone,10mg
Amigraf 1.0 Capsule,Tacrolimus,1mg
Solfepar NP 100mg/325mg Tablet,Nimesulide,100mg
Dapamac M 5mg/500mg Tablet ER,Dapagliflozin,5mg
Lorfast Meltab Tablet,Loratadine,10mg
Terbinator 125mg Tablet,Terbinafine,125mg
Mucorin-A 300mg/30mg Tablet,Acetylcysteine,300mg
Idapride 2mg Tablet,Glimepiride,2mg
Mlevo OZ Tablet,Levofloxacin,250mg
Ulcon 5 mg/2.5 mg Tablet,Chlordiazepoxide,5mg
Rabesym D 10mg/20mg Tablet,Domperidone,10mg
Dak CP 500 mg/600 mg Tablet,Ciprofloxacin,500mg
Piotab 30mg Tablet,Pioglitazone,30mg
Symfix O 200mg/200mg Tablet,Cefixime,200mg
Astrotel AM 80mg/5mg Tablet,Telmisartan,80mg
Lexovir 400mg Tablet,Acyclovir,400mg
Tranmed Tablet,Acid,500mg
Arpirol 0.5mg Tablet,Ropinirole,0.5mg
SITabite D 10mg/100mg Tablet,Dapagliflozin,10mg
Izra 20 Tablet,Esomeprazole,20mg
Fertipath 50mg Tablet,Clomiphene,50mg
Omezen D 10mg/20mg Capsule SR,Domperidone,10mg
Defgol 6mg Tablet,Deflazacort,6mg
Rosuquid-CV 10 Capsule IR,Rosuvastatin,10mg
Xtratil 250 Tablet,Cefuroxime,250mg
Spironova Tablet,Gabapentin,300mg
Safecet M Tablet,Levocetirizine,5mg
Bilashine M 20mg/10mg Tablet,Bilastine,20mg
Orandil 5 Tablet,Nicorandil,5mg
Agidol 20 Tablet,Haloperidol,20mg
Cuwarm Plus 6mg/400mg Tablet,Ivermectin,6mg
Rispam 2mg Tablet,Clonazepam,2mg
Etobird MR Tablet,Etoricoxib,60mg
Tenblom 40mg Tablet,LLPTelmisartan,40mg
Pgtorva 10mg Tablet,Atorvastatin,10mg
Wikoryl 325 Tablet DT,Maleate,2mg
Mirdep 30mg Tablet,Mirtazapine,30mg
Apanta D 10mg/40mg Tablet,Domperidone,10mg
Tomkid 25mg Tablet,Atomoxetine,25mg
Sucosit M 50mg/1000mg Tablet,Sitagliptin,50mg
Dikfast Tablet,Diclofenac,50mg
Alpradon 0.5mg Tablet SR,Alprazolam,0.5mg
Rct 500mg/600mg Tablet,Ciprofloxacin,500mg
Spaszof 10mg/250mg Tablet,Dicyclomine,10mg
Xytrin-M Tablet,Levocetirizine,5mg
Umox-CV LB Tablet,Amoxycillin,500mg
Voglibite-M 0.3 Tablet SR,Metformin,500mg
Jesom D 30mg Capsule SR,Domperidone,30mg
Rekool-L 25 Tablet,Levosulpiride,25mg
Hexidol 5 Tablet,Haloperidol,5mg
Mytimont L 5mg/10mg Tablet,Levocetirizine,5mg
Stactam 500mg Tablet,Levetiracetam,500mg
Dalwocef LB 200mg Tablet,Cefixime,200mg
Neace MR 100mg/325mg/250mg Tablet,Aceclofenac,100mg
Geck 5mg Tablet,Levocetirizine,5mg
Pregadel 50mg Capsule,Pregabalin,50mg
Entimin 4mg/10mg Tablet,Maleate,4mg
Latch M 5mg/10mg Tablet,Levocetirizine,5mg
Yaniclox Cfp 200mg/500mg Tablet,Proxetil,200mg
Cardiorostin 20mg Tablet,Rosuvastatin,20mg
Dibaglim M 3mg/500mg Tablet SR,Glimepiride,3mg
Udisov 300mg Tablet,Acid,300mg
SizoDON MD 0.5 Tablet,Risperidone,0.5mg
Raise 50mg Tablet,Sildenafil,50mg
Zoflo-OZ Tablet,Ofloxacin,200mg
Pexoclav Tablet DT,Amoxycillin,200mg
Linzanur 600mg Tablet,Linezolid,600mg
Telsis 20mg Tablet,Telmisartan,20mg
Nimochem P 100mg/325mg Tablet,Nimesulide,100mg
Allcillin 250mg Capsule,Ampicillin,250mg
Acepod 100mg Tablet,Proxetil,100mg
Bjocet 10 Tablet,Cetirizine,10mg
Olmemark 20 H Tablet,Hydrochlorothiazide,12.5mg
Zezole Capsule SR,Domperidone,30mg
Prazoget 2.5mg Tablet,Prazosin,2.5mg
Euroglip 4mg Tablet,Glimepiride,4mg
Dictor-S Tablet,Aceclofenac,100mg
Alerid Cold Tablet,Cetirizine,5mg
Ofzen 400mg Tablet,Ofloxacin,400mg
Vomiday 10mg/10mg/2.5mg Tablet,Doxylamine,10mg
Masmox CV 500mg/125mg Tablet,Amoxycillin,500mg
Trozan OD 300mg/10mg Tablet,Diethylcarbamazine,300mg
Awesam 50mg Tablet ER,Desvenlafaxine,50mg
Pregapress MNT 75mg/10mg/750mcg Tablet,Pregabalin,75mg
New Zifexim 100mg Tablet,Cefixime,100mg
Eradin 200mg Tablet,Ofloxacin,200mg
Peplan 30mg Capsule,Lansoprazole,30mg
Astacar-Q Tablet,Zinc,5mg
Wonzith 500mg Tablet,Azithromycin,500mg
Itradora SB 65 Capsule,Itraconazole,65mg
Fazer 6mg Tablet,Deflazacort,6mg
Deflograf 6 Tablet,Deflazacort,6mg
Floxfin OZ 200mg/500mg Tablet,Ofloxacin,200mg
Sparlite 200mg Tablet,Sparfloxacin,200mg
Levobiotic 750mg Tablet,Levofloxacin,750mg
Greykast 5mg Tablet,Levocetirizine,5mg
Mednofen 200mg Tablet SR,Aceclofenac,200mg
Glibmit PM 5mg/15mg/500mg Tablet,Glibenclamide,5mg
Zitoflox 200 Tablet,Ofloxacin,200mg
Robo 20 Tablet,Rabeprazole,20mg
Olna 40mg Tablet,Medoxomil,40mg
Sporep CD 200mg Tablet,Proxetil,200mg
Neuropin 300 Capsule,Gabapentin,300mg
Freximin M 200mg/400mg Tablet,Rifaximin,200mg
Tamufab-H 40 Tablet,Telmisartan,40mg
Doximine 10 mg/10 mg Tablet,Doxylamine,10mg
Kosfix-LB 200 Tablet,Cefixime,200mg
Fytodiol 600mg Tablet,Acid,600mg
Clon 0.5mg Tablet,Clonazepam,0.5mg
Itprel 200 Capsule,Itraconazole,200mg
Pregasal NT 75mg/10mg Tablet,Pregabalin,75mg
Telmiyug 40 Tablet,Telmisartan,40mg
Ketoarv DT 10mg Tablet,Ketorolac,10mg
Seracer-DP Tablet,Diclofenac,50mg
Pantocise D Capsule PR,Domperidone,30mg
Levomon-D Tablet,Levocetirizine,5mg
Aclomol P 100mg/325mg Tablet,Aceclofenac,100mg
Olmezest-AZ 20 Tablet,Medoxomil,20mg
Dixi 2mg Tablet,Glimepiride,2mg
Small D 10mg/20mg Capsule,Domperidone,10mg
Rofedol 50mg Tablet,Rofecoxib,50mg
Sizaque 25mg Tablet,Lacosamide,25mg
Etarcoxia-MR Tablet,Etoricoxib,60mg
Amoxivin 500mg Capsule,Amoxycillin,500mg
ZO T 200 mg/600 mg Tablet,Ofloxacin,200mg
DavaIndia Propranolol 40mg Tablet,Propranolol,40mg
Abimont LC 5mg/10mg Tablet,Levocetirizine,5mg
Brilivog 0.2 Tablet,Voglibose,0.2mg
Pantocom Capsule,Domperidone,24mg
Articalm 10mg Tablet,Oxalate,10mg
Fenther A 80mg/480mg Tablet,Artemether,80mg
Indloxp 4 mg/500 mg Tablet,Lornoxicam,4mg
Pzostar-D 10mg/40mg Tablet,Domperidone,10mg
Cifex-LB Tablet DT,Cefixime,200mg
Voveled 50mg Tablet,Diclofenac,50mg
Glimpil MF 2 mg/500 mg Tablet,Glimepiride,2mg
Meraz 500mg Tablet,Azithromycin,500mg
Olkem 20H Tablet,Hydrochlorothiazide,12.5mg
Peapred 4 Tablet,Methylprednisolone,4mg
Gpin-NT 400 Tablet,Gabapentin,400mg
Rabnil 20mg Tablet,Rabeprazole,20mg
Elvegra 120mg Tablet,Fexofenadine,120mg
M TB 450mg/300mg Tablet,Rifampicin,450mg
Ozo 20mg Capsule,Omeprazole,20mg
Alipride Mps 125 mg/10 mg Tablet,Simethicone,125mg
Ramveda-H 5mg/12.5mg Tablet,Ramipril,5mg
Agrilet A 75mg/75mg Tablet,Aspirin,75mg
Dolostat R 200mg/20mg Capsule,Aceclofenac,200mg
Pregacent M Tablet,Methylcobalamin,750mcg
Uripro 0.4 Capsule PR,Tamsulosin,0.4mg
Yaxotel H 40mg/12.5mg Tablet,Telmisartan,40mg
Acelix MR 100mg/325mg/250mg Tablet,Aceclofenac,100mg
Microvir 250 Tablet,Famciclovir,250mg
Doxycid LB Capsule,Doxycycline,100mg
Pregabrit NT 75mg/10mg Tablet,Pregabalin,75mg
Rolod K Plus Tablet,Diclofenac,50mg
Yocoliv 250mg Tablet,Levofloxacin,250mg
Janubay 25mg Tablet,Sitagliptin,25mg
Rightcef 500mg Tablet,Cefuroxime,500mg
Paxtine 12.5 Tablet CR,Paroxetine,12.5mg
Nimek 100mg Tablet,Nimesulide,100mg
Moxlate CV 500mg/125mg Tablet,Amoxycillin,500mg
Deoxim 100mg Tablet,Proxetil,100mg
Pankav 40 Tablet,Pantoprazole,40mg
Minokem 1.25mg Tablet,Minoxidil,1.25mg
Defogon 6mg Tablet,Deflazacort,6mg
Carefex 500mg Tablet,Cefalexin,500mg
Levoin 500mg Tablet,Levofloxacin,500mg
Sitaglivac 100mg Tablet,Sitagliptin,100mg
Movace MR Tablet,Aceclofenac,100mg
Neeforte-XL Tablet,Aceclofenac,100mg
Belofen-P Tablet,Aceclofenac,100mg
Atorway 20mg Tablet,Atorvastatin,20mg
Tamlago-D 0.4mg/0.5mg Tablet,Tamsulosin,0.4mg
Dosof R 50mg/20mg Tablet,Diclofenac,50mg
Dolocet P 100mg/325mg Tablet,Aceclofenac,100mg
Kickmol 650 Tablet,Paracetamol,650mg
Alefox-OZ 250mg/500mg Tablet,Levofloxacin,250mg
Geenor TZ 400mg/600mg Tablet,Norfloxacin,400mg
Mucotab Tablet,Acetylcysteine,600mg
VogliKEM 0.2 Tablet MD,Voglibose,0.2mg
Sulid-MR Tablet,Nimesulide,100mg
Ondero-DM 500 Tablet SR,Dapagliflozin,10mg
Biduret Tablet,Amiloride,5mg
Orixim 250mg Tablet,Cefuroxime,250mg
Startrip DS Tablet,Trypsin,48mg
Telmitic CZ Forte 40mg/12.5mg Tablet,Telmisartan,40mg
Peocid 40mg Tablet,Pantoprazole,40mg
Mayurose Gold 10 Capsule,Aspirin,75mg
Loricam 8mg/4mg Tablet,Lornoxicam,8mg
Relgin 0.5 Tablet,Rasagiline,0.5mg
Pinkeva 35 Kit,Cyproterone,2mg
Oxivas F 160mg/10mg Tablet,Fenofibrate,160mg
Rabsole-Plus Capsule SR,Levosulpiride,75mg
Dapacord 10 Tablet,Dapagliflozin,10mg
Dgson-V 10 Tablet SR,Dapagliflozin,10mg
Paroxa Forte Tablet CR,Paroxetine,25mg
Rabigra LS 75mg/20mg Capsule,Levosulpiride,75mg
Atenowal 50mg Tablet,Atenolol,50mg
Pantaklear 40mg Tablet,Pantoprazole,40mg
Paxilyf CR 12.5 Tablet,Paroxetine,12.5mg
Feliz 40mg Tablet,Citalopram,40mg
Macsita-MXR 50/500 Tablet,Sitagliptin,50mg
Moxycare 500 mg/125 mg Tablet,Amoxycillin,500mg
Acmoxia 60 Tablet,LLPEtoricoxib,60mg
Atekind D 50mg/2.5mg Tablet,Atenolol,50mg
Telmian AM 40mg/5mg Tablet,Telmisartan,40mg
Fexofn 180mg Tablet,Fexofenadine,180mg
Esogrid 40mg Tablet,Esomeprazole,40mg
Enzamide 40mg Capsule,Enzalutamide,40mg
Perixime O 200mg/200mg Tablet,Cefixime,200mg
Zoetram P 37.5mg/325mg Tablet,Tramadol,37.5mg
Watrab 20mg Tablet,Rabeprazole,20mg
Pradaxa 75mg Capsule,Etexilate,75mg
Slimtop 120mg Capsule,Orlistat,120mg
Axioff OZ 200mg/500mg Tablet,Ofloxacin,200mg
Thankrab LS Capsule SR,Levosulpiride,75mg
Norace 400mg Tablet,Norfloxacin,400mg
Drolofar-DM Tablet,Drotaverine,80mg
Ursoross 300mg Tablet,Acid,300mg
Evimeto 50 Tablet PR,Succinate,47.5mg
Fexoweb 180mg Tablet,Fexofenadine,180mg
Relmont-L Tablet,Levocetirizine,5mg
Amyclox-LB Capsule,Amoxycillin,250mg
Amlogod 5mg Tablet,Amlodipine,5mg
Ifimox 0.2 Tablet,Moxonidine,0.2mg
etoCOX 120mg Tablet,Etoricoxib,120mg
Yekin 50 mg/20 mg Tablet,Diclofenac,50mg
Duetact 2mg/500mg Tablet,Glimepiride,2mg
Macito 200mg Tablet SR,Aceclofenac,200mg
Zestor 10 mg/10 mg Tablet,Atorvastatin,10mg
Sanlaz 5mg Tablet,Olanzapine,5mg
Alporate D 250mg Tablet,Divalproex,250mg
Mbnim P 100mg/325mg Tablet,Nimesulide,100mg
Diabic M 80mg/500mg Tablet,Gliclazide,80mg
Montisoft LC Tablet,Levocetirizine,5mg
Meftovis Spas Tablet,Dicyclomine,10mg
Tellzy Ach 40/5/12.5 Tablet,Telmisartan,40mg
Arpin 25mg Tablet,Dosulepin,25mg
Evicet 5 Tablet,Levocetirizine,5mg
Lokrab D 30mg/20mg Capsule SR,Domperidone,30mg
Metfortal SR 500 Tablet,Metformin,500mg
Oflab 300 Tablet,Ofloxacin,300mg
Mytel 80mg Tablet,Telmisartan,80mg
Lionex P 100mg/325mg Tablet,Aceclofenac,100mg
Lyno 600mg Tablet,Linezolid,600mg
Slowthylline 200mg Tablet,Theophylline,200mg
Tellexy-A Tablet,Telmisartan,40mg
Outaria Tablet 40mg,Lurasidone,40mg
Cognitum Plus 500mg/800mg Tablet,Citicoline,500mg
Sizep 100mg Tablet,Clozapine,100mg
Flutor 400mg Tablet,Fluconazole,400mg
Drotagesic M 80mg/250mg Tablet,Drotaverine,80mg
Aliveon 150mg Tablet,Acid,150mg
Moxyvive 625 Tablet,Amoxycillin,500mg
Optel AM 40mg/5mg Tablet,Telmisartan,40mg
Tenkrez-M 500 Tablet SR,Metformin,500mg
Wonsartan HD 50mg/12.5mg Tablet,Losartan,50mg
Hytel R 40mg/5mg Tablet,Telmisartan,40mg
Amiselv 200mg Tablet,Amisulpride,200mg
Suregest 200mg Capsule,Progesterone,200mg
Amlodin 5mg Tablet,Amlodipine,5mg
Zytanix 2.5 Tablet,Metolazone,2.5mg
SI Fixim 200mg Tablet DT,Cefixime,200mg
Willron XT 1.5mg/100mg/22.5mg Tablet,Acid,1.5mg
Pantonext D 30mg/40mg Capsule SR,Domperidone,30mg
Peton D 10mg/40mg Tablet,Domperidone,10mg
Dorzina 10mg/20mg Tablet,Domperidone,10mg
Vomitec-MD Tablet,Ondansetron,4mg
Sildohyp M 50mg/8mg Tablet ER,Mirabegron,50mg
Emoxy LB 500mg Capsule,Amoxycillin,500mg
Zecoba NT 75mg/10mg Tablet,Pregabalin,75mg
Zopin 50mg Tablet,Clozapine,50mg
Neuronti 300mg Capsule,Gabapentin,300mg
Risartan AM 40mg/5mg Tablet,Telmisartan,40mg
Mpred 4 Tablet,Methylprednisolone,4mg
ZEN Retard 400 Tablet ER,Carbamazepine,400mg
Mancobal P 750mcg/75mg Capsule,Methylcobalamin,750mcg
Tyrinac 500mg/150mg Tablet,Taurine,500mg
Moquet 25mg Tablet,Quetiapine,25mg
Ursolix 150mg Tablet,Acid,150mg
Bisobis T 2.5mg/40mg Tablet,Bisoprolol,2.5mg
Etovin T 60mg/4mg Tablet,Etoricoxib,60mg
Levosol OZ 250mg/500mg Tablet,Levofloxacin,250mg
Valtan 40mg Tablet,Valsartan,40mg
raBicip 20 Tablet,Rabeprazole,20mg
Ranozex Tablet ER,Ranolazine,500mg
Excan 150mg Tablet,Fluconazole,150mg
Alerle 5mg Tablet,Levocetirizine,5mg
Levora 5mg Tablet,Levocetirizine,5mg
Urtibil 20mg Tablet,Bilastine,20mg
Suvirab 20mg Tablet,Rabeprazole,20mg
Ragen D 30mg/40mg Capsule SR,Domperidone,30mg
Psyvoxin 100mg Tablet,Fluvoxamine,100mg
Clindamac 300mg Capsule,Clindamycin,300mg
Foxycef-CV Tablet,Proxetil,200mg
Anxrea 2mg Tablet,Clonazepam,2mg
Aldicure P-TH 4 Tablet,Thiocolchicoside,4mg
O Cian 4mg Tablet,Ondansetron,4mg
Acebrel 200 Tablet SR,Acebrophylline,200mg
Martifur MR 50mg Tablet,Nitrofurantoin,50mg
Decdan 2mg Tablet,Dexamethasone,2mg
Shbpin 10mg Tablet,Olanzapine,10mg
Ofloter 200mg Tablet,Ofloxacin,200mg
Rabipip L 75mg/20mg Capsule SR,Levosulpiride,75mg
Glucotrix Msm 50mg/750mg/250mg Tablet,Diacerein,50mg
Super-XL Capsule,Levosulpiride,75mg
Amsha 10mg Tablet,Amitriptyline,10mg
Colchifenac Tablet,Thiocolchicoside,4mg
Glimicraft MV 1mg/500mg/0.2mg Tablet,Glimepiride,1mg
etoFEX 120mg Tablet,Fexofenadine,120mg
Diclock S 50mg/10mg Tablet,Diclofenac,50mg
Trulym 408mg Capsule,Lymecycline,408mg
Ppcure 40 Tablet,Pantoprazole,40mg
Clonapax P 0.5mg/20mg Tablet,Clonazepam,0.5mg
Romazyme Tablet,Bromelain,180mg
Domnepry-S Tablet,Diclofenac,50mg
Acifen Plus 100mg/325mg/15mg Tablet,Aceclofenac,100mg
Sodiven DS 1000mg Tablet,Bicarbonate,1000mg
Nebistar LN 5mg/10mg Tablet,Nebivolol,5mg
Fixcerin-GM Tablet,Glucosamine,750mg
Eufoquin 400mg Tablet,Ofloxacin,400mg
Aceheal SP 100mg/325mg/15mg Tablet,Aceclofenac,100mg
Monosprin DS 30 Tablet,Mononitrate,30mg
Roxient 25 Tablet PR,Paroxetine,25mg
Fixiyug LB Tablet,Cefixime,200mg
Provenef 97mg/103mg Tablet,Sacubitril,97mg
Triglimilife 1MG Tablet SR,Glimepiride,1mg
Dudic P Tablet,Diclofenac,50mg
Pantex-D SR Capsule,Domperidone,30mg
Adiuretin 0.2mg Tablet,Desmopressin,0.2mg
Divovib 500mg Tablet ER,Divalproex,500mg
Telviron H 40mg/12.5mg Tablet,Telmisartan,40mg
Norma 0.25mg Tablet,Haloperidol,0.25mg
Novadom O 10 mg/20 mg Capsule,Domperidone,10mg
ZY 500mg Tablet,Azithromycin,500mg
Lungfree AB 100mg/600mg Tablet,Acebrophylline,100mg
Domtac-SR Capsule,Domperidone,30mg
Deflagem 6mg Tablet,Deflazacort,6mg
Tycob-Forte Tablet,Pregabalin,75mg
Wantor 10mg Tablet,Torasemide,10mg
Vox 200mg Tablet,Ofloxacin,200mg
ONV 4mg Tablet,Ondansetron,4mg
Mmclav LB 500mg Tablet,Amoxycillin,500mg
Setspar 200mg Tablet,Sparfloxacin,200mg
Linozin M 5mg/10mg Tablet,Levocetirizine,5mg
Medgim LB 200mg Tablet,Cefixime,200mg
Neotack 300mg Tablet,Ranitidine,300mg
Rabidzol-LSR Capsule,Levosulpiride,75mg
Dayclazide 80mg Tablet,Gliclazide,80mg
Rabicoss D 10mg/20mg Capsule SR,Domperidone,10mg
Abl Forte 6mg/400mg Tablet,Ivermectin,6mg
Adesum 200 Tablet,Ademetionine,200mg
Rosulip CV 10 Capsule,Rosuvastatin,10mg
Doxyla B6 Forte 20mg/20mg Tablet,Doxylamine,20mg
Amvate 200mg Tablet,Flavoxate,200mg
Dropros-M Tablet,Drotaverine,80mg
Nimcure Tablet,Nimesulide,100mg
Tendonil SP 100mg/325mg/15mg Tablet,Aceclofenac,100mg
Seafal 250 Capsule,Cefalexin,250mg
Powerman 25mg Tablet,Sildenafil,25mg
Nephroset 500mg/150mg Tablet,Taurine,500mg
Pramipex ER 3 Tablet,Pramipexole,3mg
Paxcef Plus 200mg/200mg Tablet,Proxetil,200mg
Lefuxime 500mg Tablet,Cefuroxime,500mg
Glofty 100mg Tablet,Ofloxacin,100mg
Drech MF 80mg/250mg Tablet,Drotaverine,80mg
Doxiva LB Capsule 100mg,Doxycycline,100mg
Tektel-M 50 Tablet ER,Telmisartan,40mg
Fexocon 120mg Tablet,Fexofenadine,120mg
Sitalib M 50/500 Tablet,Sitagliptin,50mg
Toplep 50mg Tablet,Topiramate,50mg
Moody 0.5 mg/10 mg Tablet,Flupenthixol,0.5mg
Azolip 250 Tablet,Azithromycin,250mg
Zadudol P 37.5mg/325mg Tablet,Tramadol,37.5mg
Trakinz-P Tablet,Tramadol,37.5mg
Voritrol 200 Tablet,Voriconazole,200mg
Manocarb 200mg Tablet,Carbamazepine,200mg
Athnim 100mg Tablet MD,Nimesulide,100mg
Etizera MD 0.5 Tablet Orange,Etizolam,0.50mg
Podspan CV 200mg/125mg Tablet,Proxetil,200mg
Resuton 10mg Tablet,Rosuvastatin,10mg
Gutkul Capsule SR,Domperidone,30mg
Acetop 200mg Tablet SR,Aceclofenac,200mg
Mayfex 120mg Tablet,Fexofenadine,120mg
Febreno 500mg Tablet,Paracetamol,500mg
Fatnil 60mg Capsule,Orlistat,60mg
Quincor-OZ Tablet,Ofloxacin,200mg
Rabimak D 10mg/20mg Tablet,Domperidone,10mg
AN 250 Tablet,Azithromycin,250mg
Atiquin 200mg Tablet,Hydroxychloroquine,200mg
Acesun Forte Tablet,Aceclofenac,100mg
Diclony-MR Tablet,Chlorzoxazone,250mg
Jeevocold Tablet,Levocetirizine,5mg
Aardox 200mg Tablet,Proxetil,200mg
Linafit D 10mg/5mg Tablet,Dapagliflozin,10mg
Laximo DX 200mg/250mg Tablet ER,Cefixime,200mg
Tel K@re Tablet,Telmisartan,40mg
Ovicef O 200mg/200mg Tablet,Proxetil,200mg
Pre QM 1500mcg/75mg Capsule,Methylcobalamin,1500mcg
Azifin 500mg Tablet,Azithromycin,500mg
Fixidif 50mg Tablet DT,Cefixime,50mg
Zodifen SP Tablet,Aceclofenac,100mg
Etorbee 90mg Tablet,Etoricoxib,90mg
Kemopraz 20mg Capsule,Omeprazole,20mg
Qynsta-M Tablet,Sitagliptin,50mg
Riscort 6 Tablet,Deflazacort,6mg
Safdom 100mg Tablet,Proxetil,100mg
Tenerox 20mg Tablet,Teneligliptin,20mg
Rabolik LSR Capsule,Levosulpiride,75mg
Etivin 0.25mg Tablet,Etizolam,0.25mg
LB Comb 500mg Tablet DT,Amoxycillin,500mg
Zodem 4mg Tablet,Ondansetron,4mg
Que 50 Tablet,Quetiapine,50mg
Moxibion 500mg Tablet,Amoxycillin,500mg
Termizol-P Capsule PR,Domperidone,30mg
Nexlevo 5mg Tablet,Levocetirizine,5mg
Fexosit M 10mg/120mg Tablet,Montelukast,10mg
Astatin CV 10mg/75mg Capsule,Atorvastatin,10mg
Divlazon 500mg Tablet,Divalproex,500mg
Pral-D Tablet,Domperidone,10mg
Panpital 40 Tablet,Pantoprazole,40mg
Accenetra Plus 100mg/325mg Tablet,Aceclofenac,100mg
Ardapa 10mg Tablet,Dapagliflozin,10mg
Alenpod LV 200mg/500mg Tablet,Proxetil,200mg
Mesi-L Capsule SR,Levosulpiride,75mg
Samixime 200mg Tablet,Cefixime,200mg
Ketorolin 10mg Tablet DT,Ketorolac,10mg
Movadep 25mg Tablet,Imipramine,25mg
Deofloxcin 200mg Tablet,Ofloxacin,200mg
Spiace T 100mg/4mg Tablet,Aceclofenac,100mg
Grypsin D Tablet,Trypsin,48mg
Dorsim 10mg Tablet,Torasemide,10mg
Avstin 20mg Tablet,Atorvastatin,20mg
Norstar TZ Tablet,Norfloxacin,400mg
Rabiment L 75mg/20mg Capsule SR,Levosulpiride,75mg
Brotiff 90mg/48mg/100mg Tablet,Bromelain,90mg
Xoten CA 75mg/10mg/75mg Capsule,Aspirin,75mg
Phephen 50mg/100mg Tablet,Phenobarbitone,50mg
See-LM Tablet,Levocetirizine,5mg
Dulocalm 60mg Tablet,Duloxetine,60mg
Siostin A 10mg/75mg Tablet,Atorvastatin,10mg
Iski 90mg Tablet SR,Diltiazem,90mg
Diclon SP 50mg/325mg/10mg Tablet,Diclofenac,50mg
Twixide 25mg/10mg Tablet,Amitriptyline,25mg
Leclav 500mg/125mg Tablet,Amoxycillin,500mg
Quefect 25mg Tablet,Quetiapine,25mg
Bestine 24mg Tablet SR,Betahistine,24mg
Xorcet AM 5mg/10mg Tablet,Levocetirizine,5mg
Wisogesic MR 100mg/325mg/250mg Tablet,Aceclofenac,100mg
Ofpil 400mg Tablet ER,Ofloxacin,400mg
Roulcryst Tablet,Citrate,978mg
Methlik P 750mg/75mg Tablet SR,Methylcobalamin,750mg
Telmigift Trio 40mg/10mg/6.25mg Tablet,Telmisartan,40mg
Acfin-T4 Tablet,Aceclofenac,100mg
Pradno 4mg Tablet,Methylprednisolone,4mg
Yumox 500mg Capsule,Amoxycillin,500mg
Dic Plus T 100mg/4mg Tablet,Aceclofenac,100mg
Empaglyde S 10 Tablet,Empagliflozin,10mg
Olkem  40 Tablet,Medoxomil,40mg
Mecorik-PG 75 Capsule,Methylcobalamin,750mcg
Empatyt M 500 Tablet,Empagliflozin,12.5mg
Zef CV 200mg/125mg Tablet,Cefixime,200mg
Cefismart 200mg Tablet,Cefixime,200mg
Nitrovil 6.4 mg Tablet,Nitroglycerin,6.4 mg
Ofspin 200mg Tablet,Ofloxacin,200mg
Elicalm 5mg Tablet,Trifluoperazine,5mg
Dapefy M 5mg/500mg Tablet IR,Dapagliflozin,5mg
Azimalt LB 250mg Tablet,Azithromycin,250mg
Lav-CV 500mg/125mg Tablet,Amoxycillin,500mg
Dipiglo VH 10mg/12.5mg/160mg Tablet,Amlodipine,10mg
Acegli MR 100mg/325mg/250mg Tablet,Aceclofenac,100mg
Palnius D 30mg/40mg Capsule SR,Domperidone,30mg
Telzasig H 40mg/12.5mg Tablet,Telmisartan,40mg
Lezine M 2.5mg/4mg Tablet,Levocetirizine,2.5mg
Atvozam .50 Tablet,Etizolam,0.5mg
Itralife 200mg Capsule,Itraconazole,200mg
Prada 8mg Tablet,Prednisolone,8mg
Dosul 25mg Tablet,Dosulepin,25mg
Leoxvib OZ 250mg/500mg Tablet,Levofloxacin,250mg
Delta D 50mg/10mg Tablet,Diclofenac,50mg
NLS Reba-D Capsule SR,Domperidone,30mg
Aci MR 100mg/500mg/250mg Tablet,Aceclofenac,100mg
Ofloxain TZ 200mg/600mg Tablet,Ofloxacin,200mg
Divaldec 500mg Tablet ER,Divalproex,500mg
Telcardia AM 40mg/5mg Tablet,Telmisartan,40mg
Sanzi 20mg Tablet,Oxalate,20mg
Granfix 100mg Tablet DT,Cefixime,100mg
Floxitik 200mg Tablet,Ofloxacin,200mg
Razigo 20 Tablet,Rabeprazole,20mg
Esopera-DSR Capsule,Domperidone,30mg
Olmecer CH 20mg/12.5mg Tablet,Medoxomil,20mg
Sloba 5mg Tablet,Clobazam,5mg
Astireb D 30mg/20mg Capsule SR,Domperidone,30mg
Loxum 2 Tablet,Lorazepam,2mg
Asthro 250mg Tablet,Azithromycin,250mg
Micropride 25mg Tablet,Levosulpiride,25mg
Winpres MT Tablet,Amlodipine,5mg
Hilin-GM Tablet,Diacerein,50mg
Dulokshine 20mg Tablet,Duloxetine,20mg
Eprow 0.25mg Tablet,Etizolam,0.25mg
Biobil 20mg Tablet,Betahistine,20mg
Morphitroy 10mg Tablet,Morphine,10mg
Moxmentin 500mg/125mg Tablet,Amoxycillin,500mg
Pradoza 4mg Tablet,Methylprednisolone,4mg
ASCoril plus Tablet,Guaifenesin,100mg
Zolpital 12.5mg Tablet XR,Zolpidem,12.5mg
StayHappi Rosuvastatin 20mg Tablet,Rosuvastatin,20mg
Saqubit 50 Tablet,Sacubitril,24mg
Penvax IT 40mg/150mg Capsule,Pantoprazole,40mg
Etoroot-P Tablet,Etoricoxib,60mg
Scodox-O 200mg/200mg Tablet,Proxetil,200mg
Breethe-FX 10mg/120mg Tablet,Montelukast,10mg
Mericart 100mg Tablet DT,Cefixime,100mg
Safelevo 250mg Tablet,Levofloxacin,250mg
Etoflem MR 60mg/4mg Tablet,Etoricoxib,60mg
Novafen-P Tablet,Aceclofenac,100mg
Woodgesic 650mg Tablet,Paracetamol,650mg
Lornizid P 4mg/325mg Tablet,Lornoxicam,4mg
Ziltax CT 40/12.5 Tablet,Chlorthalidone,12.5mg
Olkem 20 CT Tablet,Medoxomil,20mg
Favenza 400mg Tablet,Favipiravir,400mg
Zupion -SR Tablet,Bupropion,150mg
Rabesun 20mg Tablet,Rabeprazole,20mg
Rslc 20mg/75mg Tablet,Rosuvastatin,20mg
Ondoma 4mg Tablet MD,Ondansetron,4mg
Setnox 4mg Tablet,Ondansetron,4mg
Acidopent D 10mg/40mg Tablet,Domperidone,10mg
Micatel-M 40mg/25mg Tablet ER,Telmisartan,40mg
Neoviz 30mg/25mg/325mg/5mg Tablet,Caffeine,30mg
Osarten CL 20mg/12.5mg Tablet,Medoxomil,20mg
Isopure 5mg Capsule,Isotretinoin,5mg
Nervmax Active Capsule,Methylcobalamin,1500mcg
Topmed D 30mg/40mg Capsule SR,Domperidone,30mg
Panduo 40mg Tablet,Pantoprazole,40mg
Panmerz D 30mg/40mg Capsule,Domperidone,30mg
Amiodon 100mg Tablet,Amiodarone,100mg
RV 5mg Tablet,Rosuvastatin,5mg
Tgmet-P 30mg/500mg Tablet,Pioglitazone,30mg
Olsacare 20 Tablet,Medoxomil,20mg
Azinos 500mg Tablet,Azithromycin,500mg
Ketnac-DT Tablet,Ketorolac,10mg
Adebile 300 Tablet,Acid,300mg
Nilset 4mg Tablet MD,Ondansetron,4mg
Lezend 5mg Tablet,Levocetirizine,5mg
Tolperix D 150mg/50mg Tablet,Tolperisone,150mg
Kapsulair 5mg Tablet,Montelukast,5mg
Onstar 4mg Tablet MD,Ondansetron,4mg
Anflo O 200mg/500mg Tablet,Ofloxacin,200mg
Fexotech 120 Tablet,Fexofenadine,120mg
Jakmac-ER Tablet,Tofacitinib,11mg
Erlezide M 80 Tablet SR,Gliclazide,80mg
Zacnix O LB 200mg/200mg Tablet,Cefixime,200mg
Asdale Tablet,Aceclofenac,100mg
Albenum Plus Tablet,Ivermectin,6mg
Tazcus-MT 50 Tablet ER,Telmisartan,40mg
Fastwalk 50mg/750mg/250mg Tablet,Diacerein,50mg
Tryjust Met MP 1 Tablet SR,Glimepiride,1mg
Locpod 100mg Tablet,Proxetil,100mg
Citzen 10mg/30mg Tablet,Cetirizine,10mg
Panpo-DSR Capsule,Domperidone,30mg
Azitime 250 Tablet,Azithromycin,250mg
Topac 50mg Tablet,Diclofenac,50mg
Ursolip 300mg Tablet,Acid,300mg
Nitrosum 2.5mg Tablet,Nitrazepam,2.5mg
Revelol-AM 5mg/47.5mg Tablet,Amlodipine,5mg
Aerogra 50mg Tablet,Sildenafil,50mg
Rivaaba-DSR Capsule,Domperidone,30mg
Rizi 250mg Tablet,Azithromycin,250mg
Acfree 20mg Tablet,Isotretinoin,20mg
Sylev-M Kid Tablet,Levocetirizine,2.5mg
Naziplus 0.5mg/10mg Tablet,Clonazepam,0.5mg
Furome 250mg Tablet,Cefuroxime,250mg
Asmygaba-M Tablet,Gabapentin,300mg
Penmix Plus Capsule,Ampicillin,250mg
DAPamac 5 Tablet,Dapagliflozin,5mg
Rapilif-D 4/0.5 Capsule,Silodosin,4mg
Tenywin 20mg Tablet,Teneligliptin,20mg
Painexcel-TH4 Tablet,Aceclofenac,100mg
Gluwin M2 Tablet SR,Glimepiride,2mg
Pantz 40mg Tablet,Pantoprazole,40mg
Esidep Plus 0.5mg/10mg Tablet,Clonazepam,0.5mg
Rifex Kid 100 mg/100 mg Tablet,Rifampicin,100mg
Medlox 500mg Tablet,Levofloxacin,500mg
Efixime 100mg Tablet,Cefixime,100mg
Pritorva CV 10mg/75mg Capsule,Atorvastatin,10mg
Doxitoox-LB Capsule,Doxycycline,100mg
Transdol 100mg Tablet,Tapentadol,100mg
Olmesar AV 20 mg/10 mg Tablet,Medoxomil,20mg
Cardibeta XR 50 Tablet,Succinate,47.5mg
Mycop GB 1500mcg/75mg Tablet,Methylcobalamin,1500mcg
Acomore-OD 300 Tablet,Acotiamide,300mg
Tox Tablet,Ambroxol,15mg
Regalol-XL 25 Tablet,Succinate,23.75mg
Duloxis 30mg Tablet,Duloxetine,30mg
Dunapan M 40mg/15mg Tablet,Pantoprazole,40mg
Synaprin AV 10mg/75mg Capsule,Atorvastatin,10mg
Italin Plus 0.5mg/10mg Tablet,Clonazepam,0.5mg
Dinogen 2mg Tablet,Dienogest,2mg
Ozicin 25mg Tablet,Cinnarizine,25mg
Neliptin M 1000 Tablet ER,Metformin,1000mg
Telmijub AM 80mg Tablet,Telmisartan,80mg
Gabmint 300mg/500mcg Tablet,Gabapentin,300mg
Cedon CA 200 mg/125 mg Tablet,Proxetil,200mg
Spasmokon 80mg Tablet,Drotaverine,80mg
Rosurey-CV 10 Tablet,Rosuvastatin,10mg
Mizospas 10mg/250mg Tablet,Dicyclomine,10mg
Lanzonour-D Kid Tablet MD Orange,Domperidone,5mg
Telsartan LN 10mg/80mg Tablet,Cilnidipine,10mg
Scrimox Tablet,Paracetamol,650mg
Panzel D 30mg/40mg Capsule SR,Domperidone,30mg
Nimi LB Tablet,Nimesulide,100mg
Zedofen P 100mg/325mg Tablet,Aceclofenac,100mg
Aecmr 100mg/325mg/250mg Tablet,Aceclofenac,100mg
Metwon-R 5 Tablet ER,Succinate,50mg
Oflagin 200mg Tablet,Ofloxacin,200mg
Plugfix 100mg Tablet DT,Cefixime,100mg
Kedixime-O Tablet,Cefixime,200mg
Finajet 1mg Tablet,Finasteride,1mg
Fenocard 20mg Tablet,Fenofibrate,20mg
Gitra 100mg Tablet,Itraconazole,100mg
Aziplan 500mg Tablet,Azithromycin,500mg
Racetril 15mg Tablet,Racecadotril,15mg
Alriza 10 Tablet,Rivaroxaban,10mg
Mymeto  XL 50 Tablet,Succinate,47.5mg
L Kit 5mg/30mg Tablet,Levocetirizine,5mg
Meminzer 5mg Tablet,Memantine,5mg
Omipure Fast 40mg Tablet,Esomeprazole,40mg
Sepred 4 Tablet,Methylprednisolone,4mg
Nufex Beta 200 mg/125 mg Tablet DT,Cefixime,200mg
Avas F 10mg/160mg Tablet,Atorvastatin,10mg
Onenac TH 100mg/8mg Tablet,Aceclofenac,100mg
B Joy 20mg Tablet,Rabeprazole,20mg
Ulcon P 5 mg/2.5 mg Tablet,Chlordiazepoxide,5mg
Nipam 5mg Tablet,MFGNitrazepam,5mg
Seratid D Tablet,Diclofenac,50mg
Fenolet 145mg Tablet,Fenofibrate,145mg
Wecal K 100mg/100mg/100mg Vaginal Suppository,Clindamycin,100mg
Ibvog MD 0.3 Tablet,Voglibose,0.3mg
Tauract Tablet,Taurine,500mg
Zyetam 500 Tablet,Ethamsylate,500mg
Zoyamol-P Tablet,Lornoxicam,8mg
Lamepil 25mg Tablet,Lamotrigine,25mg
Fabzep Tablet,Doxylamine,10mg
Siloin 8mg Capsule,Silodosin,8mg
Rovachoice A 20mg/75mg Capsule,Rosuvastatin,20mg
Orviclo 400mg Tablet,Acyclovir,400mg
Pangile D 10mg/40mg Tablet,Domperidone,10mg
Flumagen 0.5mg/10mg Tablet,Flupenthixol,0.5mg
Udishine 300 Tablet,Acid,300mg
Etoridoc Plus 60mg/325mg Tablet,Etoricoxib,60mg
Oflocare 200mg Tablet,Ofloxacin,200mg
Olgaba 100mg Tablet,Gabapentin,100mg
Rosudoz-CV 20/75 Tablet,Rosuvastatin,20mg
Metix 200mg Tablet,Proxetil,200mg
Nervoptin 300mg/500mcg Tablet,Gabapentin,300mg
Sitabite DM 10mg/1000mg/100mg Tablet,Dapagliflozin,10mg
Bisopol 2.5mg Tablet,Bisoprolol,2.5mg
Acetajoy AB 100mg/600mg Tablet,Acebrophylline,100mg
Miogesic Tablet,Aceclofenac,100mg
Snowrab Capsule SR,Domperidone,30mg
Ccl 50mg Tablet DT,Proxetil,50mg
Sucosit 100mg Tablet,Sitagliptin,100mg
Glisu 1mg Tablet,Glimepiride,1mg
Lymcef CV 200mg/125mg Tablet,Cefixime,200mg
Telmineo 40 Tablet,Telmisartan,40mg
Mont Loreva 5mg/10mg Tablet,Desloratadine,5mg
Imucort 6mg Tablet,Deflazacort,6mg
Dezox AC 100mg/500mg Tablet,Aceclofenac,100mg
Telmed H Tablet,Telmisartan,40mg
Papilon Tablet MR,Diclofenac,500mg
Amlovag 10mg Tablet,Amlodipine,10mg
Hetrodox-LB  Capsule,Doxycycline,100mg
Eliart AM Tablet,Telmisartan,40mg
Lorhist 10mg Tablet,Loratadine,10mg
Nervicure N 75mg/10mg/1500mcg Tablet,Pregabalin,75mg
Levospa 500mg Tablet,Levofloxacin,500mg
Lamowest 25mg Tablet,Lamotrigine,25mg
Mosashant 5mg Tablet,Mosapride,5mg
Lupivor 5mg Tablet,Vortioxetine,5mg
Spinxo 200mg Tablet DT,Proxetil,200mg
Rutonz D Tablet,Bromelain,90mg
Esojop-LS Capsule ER,Levosulpiride,75mg
Acipye SP 100mg/325mg/15mg Tablet,Aceclofenac,100mg
Aiser D 50 mg/10 mg Tablet,Diclofenac,50mg
Aldosin D 8mg/0.5mg Capsule,Silodosin,8mg
Metilone 16mg Tablet,Methylprednisolone,16mg
Mokust AP Tablet,Ambroxol,60mg
Metrico P 60mg/325mg Tablet,LLPEtoricoxib,60mg
Papmac D 30mg/40mg Capsule SR,Domperidone,30mg
G Rise 2mg/500mg Tablet,PHARMACEUTICALGlimepiride,2mg
SANXIT PLUS 0.5MG/10MG TABLET,Clonazepam,0.5mg
Tenizide 12.5mg/20mg Tablet,Hydrochlorothiazide,12.5mg
Telvas LNC 40mg/10mg/6.25mg Tablet,Telmisartan,40mg
Itrazig 200mg Capsule,Itraconazole,200mg
Pregalyn P 750mcg/75mg Capsule,Methylcobalamin,750mcg
Triz 250mg Tablet,Azithromycin,250mg
Amox 500mg Capsule,Amoxycillin,500mg
Voxitin 20 Tablet,Vortioxetine,20mg
Applygen Forte Soft Gelatin Vaginal Suppository,Clindamycin,100mg
Regaf-NT Tablet,Pregabalin,75mg
Ethams 250mg Tablet,Ethamsylate,250mg
Esomate DXR Capsule,Domperidone,30mg
Sporax 125mg Tablet DT,Cefalexin,125mg
Acklofen MR 100mg/325mg/250mg Tablet,Aceclofenac,100mg
Cyclodom 10mg/40mg Tablet,Domperidone,10mg
Clocit 0.5mg/5mg Tablet,Clonazepam,0.5mg
Fenactive SP Tablet,Aceclofenac,100mg
Nortigo-Plus 100mg/10mg Tablet,Gabapentin,100mg
CB-Lin Tablet,Cabergoline,0.5mg
Mecell Trio 75mg/10mg/1500mcg Tablet,Pregabalin,75mg
Gemer Dapa XR 10/2/500 Tablet,Dapagliflozin,10mg
Gemicold D Tablet,Caffeine,30mg
Lipirose-Gold 10 Capsule,Aspirin,75mg
Lanzop 15 Tablet MD,Lansoprazole,15mg
Acinid 2mg Tablet,Trihexyphenidyl,2mg
Livopod CV Tablet,Proxetil,200mg
Empaglyn S 10/100 Tablet,Empagliflozin,10mg
Rizmont Tablet,Levocetirizine,5mg
Goldmet G 2 Tablet PR,LLPGlimepiride,2mg
Zeenodol P 100mg/325mg Tablet,Aceclofenac,100mg
Sylpred 4mg Tablet,Methylprednisolone,4mg
Nide 8mg Tablet,Benidipine,8mg
Avicoxia 90mg Tablet,Etoricoxib,90mg
Apiz 15mg Tablet,Aripiprazole,15mg
Walhistine 8mg Tablet,Betahistine,8mg
Stemgesic S 50mg/10mg Tablet,Diclofenac,50mg
Fixson LB 200mg Tablet,Cefixime,200mg
Dapares 10mg Tablet,Dapagliflozin,10mg
Henletor 10mg Tablet,Torasemide,10mg
Osafe Tablet,Ofloxacin,200mg
Yecef 100mg Tablet,Cefixime,100mg
Dolorgesic P 100mg/325mg Tablet,LLPAceclofenac,100mg
Veloz L Capsule SR,Levosulpiride,75mg
Waltryp XL 12.5mg/5mg Tablet,Amitriptyline,12.5mg
Ilosure 6mg Tablet,Iloperidone,6mg
EC 90 Tablet,Etoricoxib,90mg
Rhymoral-AP Tablet,Aceclofenac,100mg
Edipan D 10mg/40mg Tablet,Domperidone,10mg
Panash 40mg Tablet,Pantoprazole,40mg
Methimez 10 Tablet,Methimazole,10mg
Radiance 75mg/20mg Capsule,Levosulpiride,75mg
Alnox CV 375 Tablet,Amoxycillin,250mg
Glocin 200mg Tablet,Ofloxacin,200mg
Lert M 5mg/10mg Tablet,Levocetirizine,5mg
Jusgo MR Tablet,Chlorzoxazone,250mg
Acloseep-SP Tablet,Aceclofenac,100mg
Kolimef-P Tablet,Acid,500mg
Unigaba 300mg/500mcg Tablet,Gabapentin,300mg
Marcus 400 Tablet,Moxifloxacin,400mg
Moxylab 500 Capsule,Amoxycillin,500mg
Tolever 150 Tablet,Tolperisone,150mg
Livbile 450mg Tablet,Acid,450mg
Arbez 20mg Tablet,Rabeprazole,20mg
Mobiride 100mg Tablet,Aceclofenac,100mg
Rosubur Gold 75mg/10mg/75mg Capsule,Aspirin,75mg
Uniwarfin 1mg Tablet,Warfarin,1mg
Panzole D 30mg/40mg Capsule SR,Domperidone,30mg
Dartmet 500mg Tablet,Metformin,500mg
Leetam 500mg Tablet,Levetiracetam,500mg
Plezer Tablet,Doxylamine,10mg
Axofit-G 300 Tablet,Gabapentin,300mg
Amlol AT 5mg/50mg Tablet,Amlodipine,5mg
Pantanid 40mg Tablet,Pantoprazole,40mg
Livarin 70mg Tablet,Silymarin,70mg
Rappit LS 75mg/20mg Capsule SR,Levosulpiride,75mg
Dotafac A Tablet,Drotaverine,80mg
Dapoj 5mg Tablet,Dapagliflozin,5mg
Efimox 775mg Tablet ER,Amoxycillin,775mg
Etidac-P 0.5mg/20mg Tablet,Etizolam,0.5mg
Acenem P 100mg/325mg Tablet,Aceclofenac,100mg
Pantro D 10mg/40mg Tablet,Domperidone,10mg
Plavix Tablet,Clopidogrel,75mg
Qute 20mg Capsule,Isotretinoin,20mg
Nutil-CV Tablet,Cefuroxime,500mg
Gmine 1mg Tablet,Glimepiride,1mg
Bilatop 40mg Tablet,Bilastine,40mg
Felow A 50mg/5mg Tablet,Losartan,50mg
Stapler LB 250mg+250mg Capsule,Amoxycillin,250mg
Osiflox 400mg Tablet,Ofloxacin,400mg
Rovo-OZ 200mg/500mg Tablet,Ofloxacin,200mg
Nascold Tablet,Caffeine,15mg
StayHappi Rosuvastatin 5mg Tablet,Rosuvastatin,5mg
Joliday 0.25mg Tablet,Alprazolam,0.25mg
Itra NXT 100mg Tablet,Itraconazole,100mg
Rosuhop Gold 75mg/10mg/75mg Capsule,Aspirin,75mg
LUPOME CAPSULE,Omeprazole,20mg
Trexo 15mg Tablet,Methotrexate,15mg
Pregaink NM Tablet SR,Pregabalin,75mg
M Lev 5mg/10mg Tablet,Levocetirizine,5mg
Clozep 2mg Tablet,Clonazepam,2mg
Rabieos D 30mg/20mg Capsule SR,LLPDomperidone,30mg
Gabawin 25 M Tablet,Methylcobalamin,500mcg
Janxime O 200mg/200mg Tablet,Cefixime,200mg
Pregon M 750mcg/75mg Capsule,Methylcobalamin,750mcg
Fexdo 120mg Tablet,Fexofenadine,120mg
Pantak DSR 30mg/40mg Capsule,Domperidone,30mg
Aidrovastatin F 20/160 Tablet,Fenofibrate,160mg
Triplixam 4mg/1.25mg/5mg Tablet,Indapamide,1.25mg
Starpress 3D 12.5mg/25mg/40mg Tablet,Chlorthalidone,12.5mg
Feel Ok 10mg/10mg/2.5mg Tablet,Doxylamine,10mg
Potrate 5 Tablet ER,Citrate,540mg
Noretch 20mg/20mg Tablet,Doxylamine,20mg
Glizato OD 60mg Tablet,Gliclazide,60mg
Lydip 50mg/325mg Tablet,Diclofenac,50mg
Oletin 10mg Tablet,Olanzapine,10mg
Tricilory 10mg/25mg/40mg Tablet,Cilnidipine,10mg
Ontelio-L Tablet,Levocetirizine,5mg
Dicomp-P Tablet,Diclofenac,50mg
ON-Sure Tablet,Ondansetron,4mg
Ofvista 200mg Tablet,Ofloxacin,200mg
Glimex MF Forte 4mg/1000mg Tablet,Glimepiride,4mg
Altizyme Tablet,Bromelain,90mg
Rdzole L 75mg/20mg Capsule SR,Levosulpiride,75mg
Lisvin 5mg Tablet,Lisinopril,5mg
Spicmox 125mg Tablet DT,Amoxycillin,125mg
Lucidol TH 100mg/4mg Tablet,Aceclofenac,100mg
Insidef 6mg Tablet,Deflazacort,6mg
Deslona 5mg Tablet,Desloratadine,5mg
Coldlife D Tablet,Caffeine,30mg
Prop 10mg Tablet,Propranolol,10mg
Aspo-AV 75 Capsule,Atorvastatin,10mg
Zinfen SP 100mg/500mg/10mg Tablet,Aceclofenac,100mg
Ezipod CL 200mg/125mg Tablet,Proxetil,200mg
TG-Tor 80 Tablet,Atorvastatin,80mg
MetoLAR XR 25 Capsule,Succinate,23.75mg
Defglu 6mg Tablet,Deflazacort,6mg
Ecicure Plus 0.5mg/10mg Tablet,Clonazepam,0.5mg
Zoncet M 5mg/10mg Tablet,Levocetirizine,5mg
Floxin 60mg Tablet,Fluoxetine,60mg
Panitra I 40mg/150mg Capsule SR,Pantoprazole,40mg
Gadinor 10mg Tablet,Norethisterone,10mg
Olina 2.5mg Tablet MD,Olanzapine,2.5mg
Valbloc 40mg Tablet,Valsartan,40mg
Zenof CT 200mg/600mg Tablet,Ofloxacin,200mg
Tenzita 20mg Tablet,Teneligliptin,20mg
Dexton 30 Tablet,Duloxetine,30mg
Pentolin-IT Capsule SR,Pantoprazole,40mg
Raxicef-O 200mg/200mg Tablet,Cefixime,200mg
Glyday 50 Tablet,Vildagliptin,50mg
Lesite AM 75mg/5mg/10mg Tablet,Ambroxol,75mg
Fayopod CV 200mg/125mg Tablet,Proxetil,200mg
Ambro Gut 20mg Tablet,LLPRabeprazole,20mg
Kryptopan-DSR Capsule,Domperidone,30mg
Ajar 500mg Tablet,Azithromycin,500mg
Acizac P Tablet,Aceclofenac,100mg
Cebocontin 200 Tablet CR,Acebrophylline,200mg
Ouinobid 800mg Tablet,Norfloxacin,800mg
Koselev 500 Tablet,Levofloxacin,500mg
Domtran 10mg Tablet,Domperidone,10mg
Tenerex 20mg Tablet,Teneligliptin,20mg
Rolod K 50mg Tablet,Diclofenac,50mg
Fexoriv 180mg Tablet,Fexofenadine,180mg
Ursozone 300mg Tablet,Acid,300mg
Neodal 50mg Capsule,Ciclosporin,50mg
Ureoxy 300 Tablet,Acid,300mg
Efix O 200mg/200mg Tablet,Cefixime,200mg
Pga M 1500mcg/75mg Tablet,Methylcobalamin,1500mcg
Walcin Plus 100 mg/500 mg Tablet,Aceclofenac,100mg
Sitahenz MQ 50mg/1000mg Tablet,Sitagliptin,50mg
Podofirst 200mg Tablet,Proxetil,200mg
Uraustin 300mg Tablet,Acid,300mg
Deforal 30 Tablet,Deflazacort,30mg
Telmore CT 40 Tablet,Telmisartan,40mg
Pdrive S Tablet,Aceclofenac,100mg
Roxyline 150mg Tablet,Roxithromycin,150mg
Eteez 0.5mg Tablet,Etizolam,0.5mg
Maesanew 1200mg Tablet DR,Mesalazine,1200mg
Aciril Pth 8mg/100mg/325mg Tablet,Thiocolchicoside,8mg
Satistrip Plus 50mg/30mg Tablet,Sildenafil,50mg
Dapahenz M 10mg/500mg Tablet ER,Dapagliflozin,10mg
Gembax 320mg Tablet,Gemifloxacin,320mg
Verticalm Plus Tablet,Cinnarizine,20mg
Telmiget LN 10mg/40mg Tablet,Cilnidipine,10mg
Glitaray M Forte 0.5mg/1000mg Tablet,Glimepiride,0.5mg
Zayclan SP 100mg/325mg/15mg Tablet,Aceclofenac,100mg
Fybrica 80 Tablet,Febuxostat,80mg
Dermazine 5mg Tablet,Levocetirizine,5mg
Lizodoz 600mg Tablet,Linezolid,600mg
Rosuvotin 20mg Tablet,Rosuvastatin,20mg
Spaslin 20 mg/500 mg Tablet,Dicyclomine,20mg
Urdiogem 300 Tablet,Acid,300mg
Panvar 40mg Tablet,Pantoprazole,40mg
Flazole 200mg/500mg Tablet,Ofloxacin,200mg
Adrab 20mg Tablet,Rabeprazole,20mg
Zeemox CV 250mg/125mg Tablet,Amoxycillin,250mg
Zonil 10mg/2mg Tablet,Trifluoperazine,10mg
Ngdic 50mg/325mg Tablet,Diclofenac,50mg
Asdale-SP Tablet,Aceclofenac,100mg
Sugaray M 50mg/500mg Tablet SR,Sitagliptin,50mg
Glimizest M 2mg/500mg Tablet,Glimepiride,2mg
Dolib 50mg Tablet DT,Rofecoxib,50mg
Yolfa P 100mg/325mg Tablet,Aceclofenac,100mg
Medillin 125mg Tablet DT,Amoxycillin,125mg
Justdol-P Tablet,Lornoxicam,8mg
Deflot 6mg Tablet,Deflazacort,6mg
Methyfen 4mg Tablet,Methylprednisolone,4mg
Revace R 200mg/20mg Capsule SR,Aceclofenac,200mg
Zoryl MP 1 Forte Tablet SR,Glimepiride,1mg
Rabcus L 75mg/20mg Capsule SR,Levosulpiride,75mg
Panfree 100mg Tablet,Nimesulide,100mg
Azilad LB 500mg Tablet,Azithromycin,500mg
Ritgo 16 Tablet,Betahistine,16mg
Fexstride 120 Tablet,Fexofenadine,120mg
Biodox LB Capsule,Doxycycline,100mg
Mefdel P 250mg/500mg Tablet,Acid,250mg
Defyon 6 Tablet,Deflazacort,6mg
Glucodef 6mg Tablet,Deflazacort,6mg
Benz 20mg Tablet,Rosuvastatin,20mg
Doxyfolin Tablet,Doxylamine,10mg
Alvicort 30mg Tablet,Deflazacort,30mg
Manforce 50mg Tablet,Sildenafil,50mg
Itoclen 200mg Capsule,Itraconazole,200mg
Rosutix F 160mg/10mg Tablet,Fenofibrate,160mg
Phedex 100mg Tablet,Proxetil,100mg
Rectonac 100mg Tablet,Diclofenac,100mg
Malarwin 25mg/500mg Tablet,Pyrimethamine,25mg
Lemogen 50mg Tablet,Lamotrigine,50mg
Daknos MR 250mg/50mg/325mg Tablet,Chlorzoxazone,250mg
Ryme Forte Tablet,Chymotrypsin,96mg
Hypnoril 10mg Tablet,Nitrazepam,10mg
Peridon Plus 2 mg/2 mg Tablet,Risperidone,2mg
Krd-LSR Capsule,Levosulpiride,75mg
Synotin D Tablet,Trypsin,48mg
Dabisung 75mg Capsule,Etexilate,75mg
Modsert 25mg Tablet,Modafinil,25mg
Toradolth 60mg/4mg Tablet,Etoricoxib,60mg
Elviflox Oz 200mg/500mg Tablet,Ofloxacin,200mg
Pregiva-NT Tablet,Pregabalin,75mg
Azine 10 Tablet,Flunarizine,10mg
Zetvin 750mcg/75mg Capsule,Methylcobalamin,750mcg
Zeebagest 10mg Tablet,Dydrogesterone,10mg
Ondasal 4mg Tablet,Ondansetron,4mg
Aldol TP 50mg/500mg Tablet,Tramadol,50mg
Regab-M 750mcg/75mg Capsule,Methylcobalamin,750mcg
Teliva H 40mg/12.5mg Tablet,Telmisartan,40mg
Gastuf 20mg Tablet,Omeprazole,20mg
Alpin D 10mg/20mg Capsule,Domperidone,10mg
FLOXIP TZ 500 MG/600 MG TABLET,Ciprofloxacin,500mg
Utogen 40mg Tablet SR,Isoxsuprine,40mg
Unitim 100mg/500mg Tablet,Aceclofenac,100mg
Founten D 0.4mg/0.5mg Tablet,Tamsulosin,0.4mg
Jomcet 5mg Tablet,Levocetirizine,5mg
preGAlin 75 Capsule,Pregabalin,75mg
Metotix A 5mg/25mg Tablet,Amlodipine,5mg
Omalen D 10mg/20mg Capsule,Domperidone,10mg
Satromax 300mg Tablet,Satranidazole,300mg
Soziflox 200mg Tablet,Ofloxacin,200mg
Mdrot Tablet,Drotaverine,80mg
Ticasave Plus Tablet,Ticagrelor,90mg
Nimwud P 100mg/325mg Tablet,Nimesulide,100mg
Aiim 250mg Tablet,Azithromycin,250mg
Walnac SP 100mg/325mg/15mg Tablet,Aceclofenac,100mg
Olmedose-M 50 Tablet ER,Medoxomil,40mg
O2Or 200 Tablet,Ofloxacin,200mg
X-Gic Tablet,Levocetirizine,5mg
Ramilace 2.5mg Tablet,Ramipril,2.5mg
Phin Joint Forte 446mg/50mg/250mg Tablet,Glucosamine,446mg
Mafni Spas 10mg/250mg Tablet,Dicyclomine,10mg
Telly 40mg Tablet,Telmisartan,40mg
Micronac Plus TH 4mg/100mg/325mg Tablet,Thiocolchicoside,4mg
Telispa-H Tablet,Telmisartan,40mg
Piocor 15 Tablet,Pioglitazone,15mg
Cardibest 12.5mg Tablet,Carvedilol,12.5mg
Btfex 180mg Tablet,Fexofenadine,180mg
Judace SP 100mg/325mg/15mg Tablet,Aceclofenac,100mg
Polclo SP 100mg/325mg/10mg Tablet,Aceclofenac,100mg
Omipen D 10mg/20mg Tablet,Domperidone,10mg
Octocef-CV 500mg/125mg Tablet,Cefuroxime,500mg
Dicgesic S 50mg/10mg Tablet,Diclofenac,50mg
Rosubat F 160mg/10mg Tablet,Fenofibrate,160mg
Modalift 100mg Tablet,Modafinil,100mg
Exiforce 100mg Tablet,Sildenafil,100mg
Emopan-LSR Capsule,Levosulpiride,75mg
Lunatical Softgel Capsule,Calcitriol,0.25mcg
Zicfi 100mg Tablet,Cefixime,100mg
Zymodol SP 100mg/325mg/15mg Tablet,Aceclofenac,100mg
Acnizo 20mg Capsule,Isotretinoin,20mg
Osixim-O Tablet,Cefixime,200mg
Xenamox-CV 625 LB Tablet,Amoxycillin,500mg
Gabanext 75 Capsule,Pregabalin,75mg
Zycet M Kid 2.5mg/4mg Tablet,Levocetirizine,2.5mg
Omest D 10mg/20mg Tablet,Domperidone,10mg
Levosidh 500mg Tablet,Levofloxacin,500mg
Typhomycin 500mg Capsule,Chloramphenicol,500mg
Lornox-TC Tablet,Lornoxicam,8mg
Aleev 750mg Tablet,Levofloxacin,750mg
Fexopark 120mg Tablet,Fexofenadine,120mg
Butabrom DS 100 mg/4 mg/2.5 mg Tablet,Salbutamol,100mg
Itroflag 200mg Capsule,Itraconazole,200mg
Nervefeel-NT Tablet,Pregabalin,75mg
Celedol 100 Capsule,Celecoxib,100mg
Nitro F 100mg Tablet,Nitrofurantoin,100mg
Intracin 25mg Tablet,Cinnarizine,25mg
Diclivo P 50mg/325mg Tablet,Diclofenac,50mg
Triline Plus H 12.5 mg/5 mg Tablet,Amitriptyline,12.5mg
Duflox OZ 200 mg/500 mg Tablet,Ofloxacin,200mg
Azithral Tablet,Azithromycin,250mg
Ultrostatin 10mg Tablet,Rosuvastatin,10mg
Levodoc 750mg Tablet,Levofloxacin,750mg
Nugesic 100mg Tablet,Nimesulide,100mg
Mecophen GP 300mg/500mcg Tablet,Gabapentin,300mg
Kayrox M 150 mg/30 mg Tablet,Roxithromycin,150mg
Esomax L 75mg/40mg Tablet,Levosulpiride,75mg
Wexim AZ 200mg/250mg Tablet,Cefixime,200mg
Montivinar 5mg/10mg Tablet,Levocetirizine,5mg
Ameto GP 1mg/500mg/15mg Tablet,Glimepiride,1mg
Repra L 75mg/20mg Capsule SR,Levosulpiride,75mg
Oden O Tablet,Ofloxacin,200mg
Panglo D 10mg/40mg Capsule SR,Domperidone,10mg
Liofen 5 Tablet,Baclofen,5mg
Atorbia F 10mg/160mg Tablet,Atorvastatin,10mg
Rubirox AM 150mg/30mg Tablet,Roxithromycin,150mg
Elopy 25mg Tablet,Losartan,25mg
Precob-NT Tablet SR,Pregabalin,75mg
Glimcyn Met 2mg/500mg Tablet,Glimepiride,2mg
Juspanta DSR 30mg/40mg Capsule,Domperidone,30mg
DINEX EC 400MG TABLET,Didanosine,400mg
Sethro 250mg Tablet,Azithromycin,250mg
Xenotril SL 0.5mg Tablet,Clonazepam,0.5mg
Diajoint 50mg Tablet,Diacerein,50mg
Prado L 75mg/20mg Tablet,Levosulpiride,75mg
Euflow D 0.4mg/0.5mg Tablet,Tamsulosin,0.4mg
Lovostat 20mg Tablet,Lovastatin,20mg
Veloz D Capsule SR,Domperidone,30mg
Z Oflox OZ Tablet,Ofloxacin,200mg
Deflanez 6mg Tablet,Deflazacort,6mg
Mtor F 10mg/160mg Tablet,Atorvastatin,10mg
Aclance-SP Tablet,Aceclofenac,100mg
Fexotwist 180 Tablet,Fexofenadine,180mg
Pangap-D Tablet,Domperidone,10mg
Bulitro 250 Tablet,Azithromycin,250mg
Juflox C 100mg/100mg Tablet,Cefixime,100mg
Karipod 200mg Tablet DT,Proxetil,200mg
Opvast Gold 75mg/20mg/75mg Tablet,Aspirin,75mg
Gliptel Tablet,Teneligliptin,20mg
Pantonil DSR 30mg/40mg Capsule,Domperidone,30mg
Noplaq A 75 mg/75 mg Capsule,Aspirin,75mg
KZ 200mg Tablet,Ketoconazole,200mg
Risofos 75 Tablet,Risedronate,75mg
Nemid P 100mg/325mg Tablet,Nimesulide,100mg
Renoscan 500mg/150mg Tablet,Taurine,500mg
Giomed M 2mg/500mg Tablet SR,Glimepiride,2mg
GravIDOL Tablet,Labetalol,100mg
Priminor N 5mg Tablet,Norethisterone,5mg
Bilyard M 20mg/10mg Tablet,Bilastine,20mg
R Sim 100mg Tablet,Cefixime,100mg
Valdiff 50 Tablet,Vildagliptin,50mg
R.D. Fix Plus 200mg/200mg Tablet,Cefixime,200mg
Dyscef 100mg Tablet,Cefixime,100mg
Rabgreen D 30mg/20mg Capsule SR,Domperidone,30mg
Wespred 16mg Tablet,Methylprednisolone,16mg
Quitex 25 Tablet,Quetiapine,25mg
Pause-MF Tablet,Acid,500mg
Mig 5mg Tablet,Flunarizine,5mg
Paracip CPM 5 mg/500 mg Tablet,Maleate,5mg
Tymox 250mg Tablet DT,Amoxycillin,250mg
Amvis-AT Tablet,Amlodipine,5mg
Trendcef CV 200mg/125mg Tablet,Proxetil,200mg
Pandizire D Tablet,Domperidone,10mg
Stopinn-IT 100mg Capsule,Itraconazole,100mg
Kefotax O 100mg Tablet DT,Cefixime,100mg
Zolviflam-MR Tablet,Chlorzoxazone,250mg
Gastrozen L 75mg/40mg Capsule SR,Levosulpiride,75mg
Xytel 20mg Tablet,Telmisartan,20mg
Preggy 200mg Capsule,Progesterone,200mg
Etrioz 90mg Tablet,Etoricoxib,90mg
Rossfero-XT Tablet,Ascorbate,100mg
Ambrom S 500mg/8mg Capsule,Amoxycillin,500mg
Flumax A 0.25mg/20mg Tablet,Alprazolam,0.25mg
Xpain 100mg/8mg Tablet,Aceclofenac,100mg
Egwin SP 50mg/325mg/10mg Tablet,Diclofenac,50mg
Omiz D 10mg/20mg Capsule,Domperidone,10mg
Nocram Tablet,Bisglycinate,360mg
Liotel AM 40mg/5mg Tablet,Telmisartan,40mg
Qutace 300mg Tablet SR,Quetiapine,300mg
Telmetake 40 Tablet,Telmisartan,40mg
Cetriva-L Tablet,Levocetirizine,5mg
Spasaid 80mg/250 mg Tablet,Drotaverine,80mg
Gabaneuro 300mg Tablet,Gabapentin,300mg
Fixnic Tablet,Febuxostat,40mg
Proxit 100mg Tablet DT,Proxetil,100mg
Pednilon 4mg Tablet,Methylprednisolone,4mg
Spascare DS 20 mg/250 mg Tablet,Dicyclomine,20mg
Zoldom Capsule,Domperidone,10mg
Stormac 10mg Tablet,Atorvastatin,10mg
Hificlav 625 Tablet,Amoxycillin,500mg
Uricheck F 80mg Tablet,Febuxostat,80mg
Actros 5mg Tablet,Rosuvastatin,5mg
Tofizid 5mg Tablet,Tofacitinib,5mg
Vogliboss 0.2mg Tablet,Voglibose,0.2mg
Nozo OR Tablet,Ofloxacin,200mg
Olmepres AM 40mg/5mg Tablet,Medoxomil,40mg
Ginkopir V 60mg/800mg/5mg Tablet,Biloba,60mg
Pregiso 40mg Tablet SR,Isoxsuprine,40mg
Baryxim 500 Tablet,Cefuroxime,500mg
Offdun 100mg Tablet,Ofloxacin,100mg
Repodox CL 200mg/125mg Tablet,Proxetil,200mg
Teliglip MF 500mg/20mg Tablet,Metformin,500mg
Amonir Tablet,Amoxycillin,500mg
Enicip 500mg/600mg Tablet,Ciprofloxacin,500mg
Kornim 100mg Tablet MD,Nimesulide,100mg
Levosim Tablet,Levocetirizine,5mg
Pgbest 50 Capsule,Pregabalin,50mg
Athfix-CV 325 Tablet,Cefixime,200mg
Depzil 10mg Tablet,Donepezil,10mg
Auspan 40mg Tablet,Pantoprazole,40mg
Zedoliv 300 Tablet,Acid,300mg
Waldoglip M 500mg/20mg Tablet,Metformin,500mg
Fluro Quin 500mg Tablet,Ciprofloxacin,500mg
Sxx 100mg Tablet,Sildenafil,100mg
Xapilis 2.5 Tablet,Apixaban,2.5mg
Nogesic SP 100mg/325mg/15mg Tablet,Aceclofenac,100mg
Rebolic 20mg Tablet,Rabeprazole,20mg
Nacsol TH 100mg/4mg Tablet,Aceclofenac,100mg
Kamox 100mg Tablet,Amoxycillin,100mg
Mitotec Tablet,Misoprostol,200mcg
Dapaone SM 10mg/1000mg/100mg Tablet,Dapagliflozin,10mg
Medeotil 250mg Tablet,Cefuroxime,250mg
Ronicard-HZ Tablet,Telmisartan,40mg
Febutus 40mg Tablet,Febuxostat,40mg
Uperow Plus 0.4mg/0.5mg Tablet,Tamsulosin,0.4mg
Urosa 5mg Tablet,Torasemide,5mg
Glimestar-M4 Forte Tablet PR,Glimepiride,4mg
Malimide Tablet,LLPCyclophosphamide,50mg
Aceclogesic MR 100mg/325mg/250mg Tablet,Aceclofenac,100mg
Wormwin 6mg/400mg Tablet,Ivermectin,6mg
Zifcas DX 200mg/500mg Tablet,Cefixime,200mg
Ostromed 50mg/750mg/250mg Tablet,Diacerein,50mg
Clariol 250mg Tablet,Clarithromycin,250mg
Decofed-M 5mg/10mg Tablet,Levocetirizine,5mg
Roseprix 10 Tablet,Rosuvastatin,10mg
Megab NT 75mg/10mg Tablet,Pregabalin,75mg
Oath Gut D Tablet,Domperidone,30mg
Mucoscan Plus 100mg/600mg Tablet,Acebrophylline,100mg
DUB 5 Tablet,Norethisterone,5mg
Altrip 20mg Tablet,Atorvastatin,20mg
Ifyclin T 10mg/40mg Tablet,Cilnidipine,10mg
Katwin 6 Tablet,Deflazacort,6mg
Pidlet 75mg Tablet,Clopidogrel,75mg
Strox TZ 250 mg/300 mg Tablet,Ciprofloxacin,250mg
Floxed OZ 400mg/500mg Tablet,Ofloxacin,400mg
Galop Plus 10 Tablet,Clonazepam,0.5mg
Glycichek 1mg Tablet,Glimepiride,1mg
Deflagic 12mg Tablet,Deflazacort,12mg
Dapakit M 5mg/500mg Tablet,Dapagliflozin,5mg
Nufein 100mg/500mg Tablet,Aceclofenac,100mg
Pazero-DSR Capsule,Domperidone,30mg
Pregaflex 75mg Capsule,Pregabalin,75mg
Alkepin 5mg Tablet,Asenapine,5mg
Predicit 8mg Tablet,Methylprednisolone,8mg
Tekpar MR 100mg/325mg/250mg Tablet,Aceclofenac,100mg
Diamine M 750mg/50mg/250mg Tablet,Glucosamine,750mg
Prosky 2.5mg Tablet,Bisoprolol,2.5mg
Themibact CV 250mg/125mg Tablet,Cefuroxime,250mg
Quefixin OF 200mg/200mg Tablet,Cefixime,200mg
Telsila AMH Tablet,Telmisartan,40mg
Megmalot N 10mg Tablet,Norethisterone,10mg
Puregalin 75mg Capsule,Pregabalin,75mg
Nurivita LC Tablet,Arginine,100mg
Sananac SP Forte  100mg/325mg/15mg Tablet,Aceclofenac,100mg
Gabatude NT Tablet,Gabapentin,400mg
Lasmig 50mg Tablet,Lasmiditan,50mg
Oheal-OZ Tablet,Ofloxacin,200mg
Lgpin M 1000mg/2.5mg Tablet,Metformin,1000mg
Rosistat 10 Tablet,Rosuvastatin,10mg
Nishflam-XL Tablet,Aceclofenac,100mg
Piotyt 15mg Tablet,Pioglitazone,15mg
Ampiliv M Tablet,Levocetirizine,5mg
Prugonist 2 Tablet,Prucalopride,2mg
Nipod 200mg Tablet,Proxetil,200mg
Telyes H 40mg/12.5mg Tablet,Telmisartan,40mg
Telmas MT 40mg/25mg Tablet ER,Telmisartan,40mg
Atripan D 30mg/40mg Capsule SR,Domperidone,30mg
Hynem 25mg Tablet,Hydroxyzine,25mg
Moxilium CV 250mg/125mg Tablet,Amoxycillin,250mg
Greatdom Capsule PR,Domperidone,30mg
Prothidep 75mg Tablet,Dosulepin,75mg
Nevarid P Tablet,Aceclofenac,100mg
Escalm 10 Tablet,Clonazepam,0.5mg
Gatiom 400mg Tablet,Gatifloxacin,400mg
Pyzole 40mg Tablet,Pantoprazole,40mg
Podmik 50mg Tablet DT,Proxetil,50mg
R Od 20mg Tablet,Rabeprazole,20mg
Mcrotel 20mg Tablet,Telmisartan,20mg
Lactosar CV 200mg/125mg Tablet,Proxetil,200mg
Flutac 10mg Tablet,Flunarizine,10mg
Seraris 10mg Tablet,Serratiopeptidase,10mg
Nezylof 500mg/200mg Tablet,Nitazoxanide,500mg
Flunazir 10mg Tablet,Flunarizine,10mg
Letrip 50mg Tablet,Levosulpiride,50mg
Surelex 250 DT Tablet,Cefalexin,250mg
Omelic D 10mg/20mg Tablet,Domperidone,10mg
Powernac-P Tablet,Aceclofenac,100mg
Hikbee 250mg Tablet,Terbinafine,250mg
Parabless-MF Tablet,Acid,500mg
Gabawin 50 Tablet,Pregabalin,50mg
Timny H 40mg/12.5mg Tablet,Telmisartan,40mg
Jsera D 50mg/10mg Tablet,Diclofenac,50mg
Lenta 10mg Capsule,Lenvatinib,10mg
Omeezor-D Capsule,Domperidone,10mg
Lopar H 50mg/12.5mg Tablet,Losartan,50mg
Siaclo 100mg Tablet,Aceclofenac,100mg
Edoclof-SP Tablet,Aceclofenac,100mg
Ivertol 12mg Tablet,Ivermectin,12mg
Roswa 20mg Tablet,Rosuvastatin,20mg
Osteoway-GM Tablet,Glucosamine,750mg
Penvat D 30mg/40mg Capsule SR,Domperidone,30mg
Silobest Capsule,Silodosin,8mg
Sovipod 100mg Tablet DT,Proxetil,100mg
Itrapelet 100 Capsule,Itraconazole,100mg
Emesys 4mg Tablet,Ondansetron,4mg
Glynet-M2 SR Forte Tablet,Glimepiride,2mg
Ranidom-DSR Capsule,Domperidone,30mg
Montegra FX 10mg/120mg Tablet,Montelukast,10mg
Teltab 80mg Tablet,Telmisartan,80mg
Acosat 100mg Tablet,Acotiamide,100mg
Dyscef O 200mg/150mg Tablet,Cefixime,200mg
Anxicalm 0.25mg Tablet,Alprazolam,0.25mg
Ambenac SP Tablet,Aceclofenac,100mg
Aciviral 200mg Tablet,Acyclovir,200mg
Ondacod 4mg Tablet,Ondansetron,4mg
aldactone T 5 Tablet,Spironolactone,50mg
Amrib D Tablet,Domperidone,10mg
Winpara N 100mg/325mg Tablet,Nimesulide,100mg
Pebact 400mg Tablet,Pefloxacin,400mg
Langesic 400mg/500mg Tablet,Ibuprofen,400mg
Dopif Tablet,Doxylamine,10mg
Nutraferon PSR 40 Tablet,Pantoprazole,40mg
Bilambic M 20mg/10mg Tablet,Bilastine,20mg
Acbiso 5 Tablet,LLPBisoprolol,5mg
Offwox OZ 200mg/500mg Tablet,Ofloxacin,200mg
Levijas 250mg Tablet,Levetiracetam,250mg
Monkast LC 5mg/10mg Tablet,Levocetirizine,5mg
D Pam 5mg Tablet,Diazepam,5mg
Paralid Tablet,Nimesulide,100mg
Duvanta Forte Capsule,Duloxetine,20mg
Micobal-A Tablet SR,Amitriptyline,10mg
Ozopine 10mg Tablet,Olanzapine,10mg
Adeof-OZ Tablet,Ofloxacin,200mg
Paridol CT Tablet,Aceclofenac,100mg
Klonac-P 100mg/500mg Tablet,Aceclofenac,100mg
Janfresh F 0.5mg Tablet,Flupenthixol,0.5mg
Glimecop 1mg Tablet,Glimepiride,1mg
Winal Tablet,Desloratadine,5mg
Equitram Fizz 37.5mg/375mg Tablet,Tramadol,37.5mg
Sefxim 200 mg Tablet,Cefixime,200mg
Metspot 50mg Tablet,Succinate,50mg
Haflur 20 Tablet,Fluoxetine,20mg
Naitfix CV 200mg/125mg Tablet,Cefixime,200mg
Dapaglyn M 500 Tablet ER,Dapagliflozin,10mg
Rootcob PG 750mcg/75mg Tablet,Methylcobalamin,750mcg
Rozulix-A 75 Capsule,Aspirin,75mg
Alfadosin 4 Capsule,Silodosin,4mg
Atchol CV 20mg/75mg Capsule,Atorvastatin,20mg
Rosumac F 5 Tablet,Fenofibrate,67mg
Pepcreatin Tablet,Pancreatin,170mg
Rabob-LS 75mg/20mg Capsule,Levosulpiride,75mg
Jencer 50mg Capsule,Diacerein,50mg
Azitro 250 Tablet,Azithromycin,250mg
Plucef O 200mg/200mg Tablet,Cefixime,200mg
Amokav 250 mg/125 mg Tablet,Amoxycillin,250mg
Sinofex Tablet,Fexofenadine,180mg
Pantosiri-LS Capsule SR,Levosulpiride,75mg
Pregabion M 750mcg/75mg Capsule,Methylcobalamin,750mcg
Rapira 20mg Tablet,Rabeprazole,20mg
Dormin 5mg Capsule,Nitrazepam,5mg
Pionom 15mg Tablet,Pioglitazone,15mg
Brutal Tablet,Albendazole,400mg
Raztric D 30mg/20mg Capsule SR,Domperidone,30mg
Pelmolis AM 40mg/5mg Tablet,Telmisartan,40mg
Rebinorm DSR 30mg/20mg Capsule,Domperidone,30mg
Nozep 2mg Tablet,Clonazepam,2mg
Gastrodom 10mg/150mg Tablet,Domperidone,10mg
Nam Safe P Tablet,Nimesulide,100mg
Zifi-OZ Neo Tablet,Ofloxacin,200mg
Ichmune C 100 Pet Capsule,Ciclosporin,100mg
Otorox 500mg Tablet,Cefuroxime,500mg
Iguvic 25 Tablet,Iguratimod,25mg
Linzotec 600mg Tablet,Linezolid,600mg
Trubid-CV 625 Tablet,Amoxycillin,500mg
Tenschem 0.25mg Tablet,Alprazolam,0.25mg
Agivog 0.2 Tablet,Voglibose,0.2mg
C2Win 1mg Tablet,Prucalopride,1mg
Symoprox 100mg Tablet,Proxetil,100mg
Gudcef L Tablet,Proxetil,200mg
Eltriz M 5mg/10mg Tablet,Levocetirizine,5mg
Zitlite 10 Capsule,Isotretinoin,10mg
B Fine OD 20mg/20mg/5mg Tablet,Doxylamine,20mg
Fexova 120 Tablet,Fexofenadine,120mg
Torfly 10mg Tablet,Torasemide,10mg
Lovetel 40mg Tablet,Telmisartan,40mg
Efotel CT 40mg/12.5mg Tablet,Telmisartan,40mg
Nefo T 100mg/4mg Tablet,Aceclofenac,100mg
Natcort 6mg Tablet,Deflazacort,6mg
Vendep-D 100mg Tablet,Desvenlafaxine,100mg
Zivocet 5mg Tablet,Levocetirizine,5mg
Glimitip-M2 Tablet,Glimepiride,2mg
Rabivar D 30mg/20mg Tablet SR,Domperidone,30mg
Amlovin E 5mg/5mg Tablet,Amlodipine,5mg
Otzup 10 Tablet,Olanzapine,10mg
Tamsukind 0.4mg Tablet,Tamsulosin,0.4mg
Getto 400mg Tablet,Gatifloxacin,400mg
Thuzi 500mg Tablet,Azithromycin,500mg
Ranisano-A Tablet,Telmisartan,40mg
Torvason-F Tablet,Atorvastatin,10mg
Dimef TR 500mg/250mg Tablet,Acid,500mg
Tolpiflex SR Tablet,Tolperisone,450mg
Acenip SR 200mg Tablet,Aceclofenac,200mg
Udiwon 300 Tablet,Acid,300mg
Pioglaz 30mg Tablet,Pioglitazone,30mg
Alprorex 0.25mg Tablet,Alprazolam,0.25mg
Nervada-D Tablet,Methylcobalamin,1500mcg
Megaflam Tablet,Diclofenac,50mg
Nimsy AC Tablet,Caffeine,25mg
Levocrew M 5mg/10mg Tablet,Levocetirizine,5mg
Spart 100mg Tablet,Sparfloxacin,100mg
Roven 20mg Tablet,Rosuvastatin,20mg
Pantodell-DSR Capsule,Domperidone,30mg
ETOMAX 400 MG TABLET ER,Etodolac,400mg
Assipan DSR 30mg/40mg Capsule,Domperidone,30mg
Elisita M 50mg/500mg Tablet,Sitagliptin,50mg
Eben 100mg Tablet,Mebendazole,100mg
Starcad-T 25 Tablet ER,Telmisartan,40mg
Walcephase 500mg Tablet SR,Metformin,500mg
Rabetel D 10mg/20mg Tablet,Domperidone,10mg
Febexta 40mg Tablet,Febuxostat,40mg
Glimple-M2 Tablet PR,Glimepiride,2mg
Aceclo Tablet,Aceclofenac,100mg
Torsimax 10mg Tablet,Torasemide,10mg
Emparaise M 12.5/850 Tablet,Empagliflozin,12.5mg
E-Pento 40mg Tablet,Pantoprazole,40mg
Mouzex MF 500mg/250mg Tablet,Acid,500mg
Slew 40mg Tablet,Telmisartan,40mg
Oakpan  Tablet,Pantoprazole,40mg
Azileb 100mg Tablet DT,Azithromycin,100mg
Trombonat 50mg Tablet,Eltrombopag,50mg
Zeromed-MR Tablet,Aceclofenac,100mg
Acrea MR 100mg/325mg/250mg Tablet,Aceclofenac,100mg
Dieclo P 50mg/325mg Tablet,Diclofenac,50mg
Seranzic 50mg/10mg Tablet,Diclofenac,50mg
Remanflam-MR Tablet,Aceclofenac,100mg
Rulace-SP Tablet,Aceclofenac,100mg
Argaba NT 75mg/10mg Tablet,Pregabalin,75mg
Telmihans 20mg Tablet,Telmisartan,20mg
Xebac 500mg Tablet,Azithromycin,500mg
Ferrous Max Tablet,Ascorbate,100mg
Amirex 100mg Tablet,Amisulpride,100mg
Benlonac-SP Tablet,Aceclofenac,100mg
Panlon 40 Tablet,Pantoprazole,40mg
Trivoglicad 1mg/500mg/0.3mg Tablet ER,Glimepiride,1mg
Gelupin Mps Gelupin-MPS-NS Tablet,Magaldrate,400mg/5ml
Kmagic DT Tablet,Ketorolac,10mg
Etizep 0.5 Tablet MD,Etizolam,0.5mg
Esicalm 10mg Tablet,Oxalate,10mg
Eustopre 75mg/10mg Tablet,Pregabalin,75mg
Noul D Capsule,Domperidone,10mg
Serozac 50mg Tablet,Sertraline,50mg
Pantoroots 40mg Tablet,Pantoprazole,40mg
Switglim MP 1mg/500mg/7.5mg Tablet,Glimepiride,1mg
Mangprox 500MG Tablet,Divalproex,500mg
Topiroot 25 Tablet,Topiramate,25mg
Ibifix 400 Tablet,Rifaximin,400mg
Econdan 4mg Tablet,Ondansetron,4mg
Beverta 24mg Tablet SR,Betahistine,24mg
Flamover 5mg Tablet,Serratiopeptidase,5mg
Gyrofix 400mg Tablet,Ofloxacin,400mg
Wodstab Tablet,Fexofenadine,120mg
Zucalife 10 Tablet,Dapagliflozin,10mg
Azi Ven 500mg Tablet,Azithromycin,500mg
Medidrot M 80mg/250mg Tablet,Drotaverine,80mg
Esochill 40 Capsule SR,Domperidone,30mg
Esolev 40mg Tablet,Esomeprazole,40mg
Medirab-A Capsule SR,Aceclofenac,200mg
Mili Tablet,Amoxycillin,500mg
Formicot G 2mg/500mg Tablet SR,Glimepiride,2mg
Kroflox 200 Tablet,Ofloxacin,200mg
Hipan-DSR Capsule,Domperidone,30mg
Pitamark 4mg Tablet,Pitavastatin,4mg
Floxaquin-O Tablet,Ornidazole,500mg
Looptek LC Tablet,Levocetirizine,5mg
Gatosol 5mg Tablet,Solifenacin,5mg
Linvin 600mg Tablet,Linezolid,600mg
Etisure 1mg Tablet,Etizolam,1mg
Paramag IP 400mg/325mg Tablet,Ibuprofen,400mg
Olmefast A 20mg/5mg Tablet,Medoxomil,20mg
Biopyrin XF Tablet,Paracetamol,500mg
Azuda 500mg Tablet,Azithromycin,500mg
Loranxit  2mg Tablet,Lorazepam,2mg
Zycer 200mg Tablet SR,Aceclofenac,200mg
Panois 40 Tablet,Pantoprazole,40mg
Volibo R 0.5mg/0.3mg Tablet,Repaglinide,0.5mg
D Infla 6 Tablet,Deflazacort,6mg
Terbiallit Tablet,Terbinafine,250mg
Defoxa Tablet,Deflazacort,6mg
Cetnez 5mg Tablet,Levocetirizine,5mg
Rosung 5mg Tablet,Rosuvastatin,5mg
Saro-R DSR Capsule,Domperidone,30mg
Xafinact 50 Tablet,Safinamide,50mg
Avicef 100mg Tablet,Cefixime,100mg
Tilron-L Tablet,Vildagliptin,50mg
Aidcoline  Plus Tablet,Citicoline,500mg
Metafor GP 2mg/500mg/15mg Tablet,Glimepiride,2mg
Asthamon BL 10mg/10mg Tablet,Bambuterol,10mg
Phybro 200mg Tablet SR,Acebrophylline,200mg
Doxzen 10mg/10mg/2.5mg Tablet,Doxylamine,10mg
Alergid 10mg Tablet,Cetirizine,10mg
Leetel 40mg Tablet,Telmisartan,40mg
Gbk Azi 500mg Tablet,Azithromycin,500mg
Histalav 5mg Tablet,Levocetirizine,5mg
Lordi 10mg Tablet,Loratadine,10mg
Ibuwin 400 mg/500 mg Tablet,Ibuprofen,400mg
Fluconasafe Tablet,Fluconazole,150mg
Rocros 5mg Tablet,Rosuvastatin,5mg
Statcon 40mg Tablet,Atorvastatin,40mg
Itragen 100 Capsule,Itraconazole,100mg
ORvas 40 Tablet,Atorvastatin,40mg
Kryptonim Plus 100mg/325mg Tablet,Nimesulide,100mg
Aslevo 5mg Tablet,Levocetirizine,5mg
GB 40 Tablet,Biloba,40mg
Isokon 10mg Capsule,Isotretinoin,10mg
Sitadib 100mg Tablet,Sitagliptin,100mg
Resner-NT Tablet SR,Pregabalin,75mg
Curetel AM 40mg/5mg Tablet,Telmisartan,40mg
Ximek 200mg Tablet,Cefixime,200mg
Nexonair 40 Tablet,Esomeprazole,40mg
Neclop R 200mg/20mg Capsule SR,Aceclofenac,200mg
Farzole D 10mg/40mg Tablet,Domperidone,10mg
Pezith 500mg Tablet,Azithromycin,500mg
Avirox-D Capsule,Amoxycillin,250mg
Rozustat GOLD 20 Capsule,Aspirin,75mg
Sitapride-DM 500 Tablet ER,Dapagliflozin,10mg
Raizol-DSR 30mg/20mg Capsule,Domperidone,30mg
Astefin 1mg Tablet,Finasteride,1mg
StayHappi Amlodipine 5mg Tablet,Amlodipine,5mg
Fenax 180mg Tablet,Fexofenadine,180mg
Rozusar-F 10 Tablet,Fenofibrate,160mg
Cetliv 5mg Tablet,Levocetirizine,5mg
Rotver-M Tablet,Drotaverine,80mg
Pza Ciba 250mg Tablet DT,Pyrazinamide,250mg
Doxytil F 10mg/10mg/5mg Tablet,Doxylamine,10mg
Rabcer DSR Capsule,Domperidone,30mg
Sitaneu M XR Tablet,Sitagliptin,100mg
Futi 100mg Tablet SR,Nitrofurantoin,100mg
Zac 250mg Tablet,Acetazolamide,250mg
Aedion 8 Tablet DT,Ondansetron,8mg
L-Cetriyl Tablet,Levocetirizine,5mg
Ebility Tablet,Diclofenac,50mg
Lok AR 5mg/10mg Tablet,Levocetirizine,5mg
Unisox 10mg Tablet SR,Ritodrine,10mg
L Stop 250mg Tablet,Disulfiram,250mg
Penitine 25mg Tablet CR,Paroxetine,25mg
Ecogab-NT Tablet,Pregabalin,75mg
Rabsym L 75mg/20mg Capsule SR,Levosulpiride,75mg
Meprozole L 75mg/40mg Capsule SR,Levosulpiride,75mg
Admafen 20mg Tablet,Tamoxifen,20mg
Gedopan-DSR Capsule,Domperidone,30mg
Ppicid D 10mg/20mg Tablet,Domperidone,10mg
Shelrab-L Capsule SR,Levosulpiride,75mg
Effidox 100mg Capsule,Doxycycline,100mg
Baymol-MR Tablet,Aceclofenac,100mg
Rerab-L Capsule SR,Levosulpiride,75mg
Intaphylline 77mg/23mg Tablet,Etofylline,77mg
Ricostat 40mg Tablet,Febuxostat,40mg
Etropex 100mg Tablet,Itraconazole,100mg
Hilpio 30mg Tablet,Pioglitazone,30mg
Lortop DM 5mg/10mg Tablet,Desloratadine,5mg
Pafev Tablet,Aceclofenac,100mg
Rabexia D 30mg/20mg Capsule SR,Domperidone,30mg
Kentocef OF Tablet,Cefixime,200mg
Pentashon D 10mg/40mg Tablet,Domperidone,10mg
Unigesic K 50mg/500mg Tablet,Diclofenac,50mg
Mazz 250mg Tablet,Azithromycin,250mg
Sobisis 500mg Tablet,Bicarbonate,500mg
Sansolate 500mg Tablet,Ethamsylate,500mg
Teru MS 7mg Tablet,Teriflunomide,7mg
Escipil ET 0.5mg/10mg Tablet,Etizolam,0.5mg
Intaglip M OD 1000mg/50mg Tablet,Metformin,1000mg
Aceplee-D Tablet,Aceclofenac,100mg
Gliris-M2 Forte Tablet PR,Glimepiride,2mg
Scus Tablet,Esomeprazole,40mg
Triglimibrit 2mg/500mg/0.2mg Tablet,Glimepiride,2mg
Effitor 10mg Tablet,Atorvastatin,10mg
Acwan TH 100mg/8mg Tablet,Aceclofenac,100mg
Dashglim 2mg Tablet,Glimepiride,2mg
Acicant TH 100mg/8mg Tablet,Aceclofenac,100mg
Alphadopa L Tablet,Labetalol,100mg
Azipal 250 Tablet,Azithromycin,250mg
Etoryn 90mg Tablet,Etoricoxib,90mg
Bilamax M 20mg/10mg Tablet,Bilastine,20mg
Dapagloz 10mg/500mg Tablet XR,Dapagliflozin,10mg
Pase 20mg Tablet,Serratiopeptidase,20mg
MEGANite 10mg Tablet,Tadalafil,10mg
Sitamelin 50mg/1000mg Tablet,Sitagliptin,50mg
Scabover 12mg Tablet,Ivermectin,12mg
Rabitro L 75mg/20mg Capsule,Levosulpiride,75mg
Zymout Tablet,Bromelain,90mg
Ergoriv 0.5mg Tablet,Methylergometrine,0.5mg
Pionaze MG 1mg/500mg/15mg Tablet,Glimepiride,1mg
Edoflo OZ 200mg/500mg Tablet,Ofloxacin,200mg
Psyzine Forte 50 mg/2 mg/5 mg Tablet,Chlorpromazine,50mg
Oflact 200mg Tablet,Ofloxacin,200mg
Gestobond 300mg Capsule,Progesterone,300mg
Pregdox OD 20mg/20mg Tablet,Doxylamine,20mg
Actimol S 50 mg/10 mg Tablet,Diclofenac,50mg
Rabadar D 30mg/20mg Capsule SR,Domperidone,30mg
Auramol-SP Tablet,Aceclofenac,100mg
Rozitiq 10 Tablet,Rosuvastatin,10mg
Aceclovent TH 100mg/4mg Tablet,Aceclofenac,100mg
Amicet Plus Tablet,Ambroxol,60mg
Procy 5 Tablet,Procyclidine,5mg
Aicin 250mg Tablet,Azithromycin,250mg
Telcred Beta 50 Tablet ER,Telmisartan,40mg
Defpride 6mg Tablet,Deflazacort,6mg
TEMAX 20MG TABLET,Telmisartan,20mg
Ketolead 10mg Tablet,Ketorolac,10mg
Livcilno M 10mg/50mg Tablet ER,Cilnidipine,10mg
UV Mont 5mg/10mg Tablet,Levocetirizine,5mg
Azital-LB 500 Tablet,Azithromycin,500mg
Ibrex 120mg Tablet,Fexofenadine,120mg
Tolmax 150mg Tablet,Tolperisone,150mg
Zotacet LV 5mg Tablet,Levocetirizine,5mg
Parkitidin ER 129 Tablet,Amantadine,129mg
Aux Tol 150 Tablet,Oxcarbazepine,150mg
Pazocef 200mg Tablet,Cefixime,200mg
Sep 10mg Tablet,Serratiopeptidase,10mg
Kozet 200mg Tablet,Ketoconazole,200mg
Dilna 10mg Tablet,Duloxetine,10mg
Pyro 650mg Tablet,Paracetamol,650mg
Muraxim 200 Tablet DT,Cefixime,200mg
Pantadoc 40mg Tablet,Pantoprazole,40mg
Acekind-P Tablet,Aceclofenac,100mg
Ranprol 25mg Tablet,Succinate,25mg
Sbeon 20mg Tablet,Rabeprazole,20mg
Rabzilla D 10mg/20mg Tablet,Domperidone,10mg
Ziblok 25 Tablet,Atenolol,25mg
Gudbie-L Tablet SR,Levosulpiride,75mg
Telurize 40 Tablet,Telmisartan,40mg
Rabium 10 Tablet,Rabeprazole,10mg
Dorthist 16mg Tablet,Betahistine,16mg
Tenlifine 20mg Tablet,Teneligliptin,20mg
Montigest L 5mg/10mg Tablet,Levocetirizine,5mg
Psypromate 50mg Tablet,Topiramate,50mg
ASR P 50mg/500mg Tablet,Aceclofenac,50mg
Lacoxa 50mg Tablet,Lacosamide,50mg
Sitamik 50mg Tablet,Sitagliptin,50mg
Dolfen-P 50mg/500mg Tablet,Tramadol,50mg
Megatams 0.4mg Tablet,Tamsulosin,0.4mg
Panbest-D SR 30mg/40mg Capsule,Domperidone,30mg
G Xime OZ 200mg/500mg Tablet,Cefixime,200mg
Pyrimac 25mg/50mg Tablet,Meclizine,25mg
Moxyzen Kid 125mg Tablet,Amoxycillin,125mg
Folvite 5mg Tablet,Acid,5mg
Lewpod 100 Tablet DT,Proxetil,100mg
Attor 40mg Tablet,Atorvastatin,40mg
Utorax 40mg Tablet,Isoxsuprine,40mg
Ivabrad OD 10 Tablet PR,Ivabradine,10mg
Alenzer-T Tablet,Aceclofenac,100mg
Nimobet P 100mg/325mg Tablet,Nimesulide,100mg
Kefzen 250mg Tablet,Cefadroxil,250mg
Matvat 4mg Tablet,Methylprednisolone,4mg
Poximo CV 200mg/125mg Tablet,Proxetil,200mg
Lxolvo AM 5mg/60mg Tablet SR,Levocetirizine,5mg
Glymok M2 Tablet PR,Glimepiride,2mg
Azilet 250 Tablet,Azithromycin,250mg
Hydroquin 400mg Tablet,Hydroxychloroquine,400mg
Lancard TM 10mg/40mg Tablet,Cilnidipine,10mg
Gazppi LS 75mg/40mg Tablet,Levosulpiride,75mg
Termis 250 Tablet,Terbinafine,250mg
Zoxakind 500 Tablet,Nitazoxanide,500mg
Mego XL Capsule,Methylcobalamin,1500mcg
Furolin 500 Tablet,Cefuroxime,500mg
Leafpride M 2mg/500mg/0.2mg Tablet,Glimepiride,2mg
Bisotrade 2.5mg Tablet,Bisoprolol,2.5mg
Joace-MR Tablet,Aceclofenac,100mg
Acosev 800mg Tablet,Sevelamer,800mg
Megprox 250mg Tablet,Divalproex,250mg
Ramihart 2.5 Capsule,Ramipril,2.5mg
Loxacin 400mg Tablet,Ofloxacin,400mg
Mydol P 100mg/325mg Tablet,Aceclofenac,100mg
Temipod CV 200mg/125mg Tablet,Proxetil,200mg
Geniride 1mg Tablet,Glimepiride,1mg
Tpcare 37.5mg/325mg Tablet,Tramadol,37.5mg
Sitaglo E 25/100 Tablet,Empagliflozin,25mg
Itradam 200 Capsule,Itraconazole,200mg
Femcet Plus 75mg/5mg/10mg Tablet,Ambroxol,75mg
Microphylline Tablet,Doxofylline,400mg
Hetrizine M 5mg/10mg Tablet,Levocetirizine,5mg
Toflox OZ 200 mg/500 mg Tablet,Ofloxacin,200mg
Mymeta XL 50mg Tablet ER,Succinate,50mg
Clear 200mg/200mcg Tablet,Mifepristone,200mg
Gluxit-Pro Tablet,Dapagliflozin,10mg
Giolen 10mg Capsule,Lenalidomide,10mg
Zsac 97mg/103mg Tablet,Sacubitril,97mg
Glimitip-MV 1 Forte Tablet SR,Glimepiride,1mg
Tene M 500mg/20mg Tablet,Metformin,500mg
M Sic 10mg/10mg Tablet,Doxylamine,10mg
Livoq 750mg Tablet,Levofloxacin,750mg
Fernid 500mg Tablet,Ornidazole,500mg
Pefcef 100mg Tablet DT,Proxetil,100mg
Telsant 40 Tablet,Telmisartan,40mg
Nitrotech 100mg Tablet,Nimesulide,100mg
Bilaprime 20mg Tablet,Bilastine,20mg
Zolib M 2mg/500mg Tablet,Glimepiride,2mg
Terbicool 250mg Tablet,Terbinafine,250mg
Oleanz Forte Tablet,Fluoxetine,20mg
Azifile 500 Tablet,Azithromycin,500mg
Ursobyl 300mg Tablet,Acid,300mg
Azibion 250mg Tablet,Azithromycin,250mg
Arkapres 100 Tablet,Clonidine,100mcg
Csc 100mg Tablet,Cefixime,100mg
Icneta 100 Capsule,Itraconazole,100mg
Iverdoz 12mg Tablet,Ivermectin,12mg
Nimac Cold Tablet,Nimesulide,100mg
Empexel M 10mg/1000mg Tablet SR,Empagliflozin,10mg
Pariclox 250mg/250mg Capsule,Amoxycillin,250mg
AZ3 Kid 100mg Tablet,Azithromycin,100mg
Paravoiz D 20mg/325mg Tablet,Dicyclomine,20mg
Neorelax MR Tablet,Thiocolchicoside,4mg
Spocelin 250mg Capsule,Cefalexin,250mg
Ketomol-DSR Capsule,Domperidone,30mg
Levogis 750mg Tablet,Levofloxacin,750mg
CILOgard 10 Tablet,Cilnidipine,10mg
Mdceff 100mg Tablet DT,Cefixime,100mg
Pulmoday 20mg Tablet,Sildenafil,20mg
Restonorm 1mg Tablet,Risperidone,1mg
Dilevocet M Kid 2.5mg/4mg Tablet,Levocetirizine,2.5mg
Stilnoct 12.5mg Tablet,Zolpidem,12.5mg
Flur 200mg Capsule,Fluconazole,200mg
Eurotam 0.40mg Tablet,Tamsulosin,0.40mg
Ecizota 10mg Tablet,Oxalate,10mg
AA 5 Tablet,Levocetirizine,5mg
Ziafax M 10mg/120mg Tablet,Montelukast,10mg
Lipistat 20mg Tablet,Lovastatin,20mg
Alamflu 0.25mg/20mg Tablet,Alprazolam,0.25mg
Montenil-LC Kid Tablet,Levocetirizine,2.5mg
Apar SP 100mg/500mg/15mg Tablet,Aceclofenac,100mg
SitaGLO 50 Tablet,Sitagliptin,50mg
Wellgesic SP 100mg/325mg/15mg Tablet,Aceclofenac,100mg
Nervimet NT Tablet,Pregabalin,75mg
Fixin Plus 100mg/60Million cells Tablet DT,Cefixime,100mg
Delpodine 120mg Tablet,Fexofenadine,120mg
Niza 100mg/2mg Tablet,Nimesulide,100mg
Nudoxy Capsule,Doxycycline,100mg
Tenepla M 1000mg/20mg Tablet SR,Metformin,1000mg
StayHappi Diltiazem 30mg Tablet,Diltiazem,30mg
Nicoflam TBR 90mg/48mg/100mg Tablet,Bromelain,90mg
Daxid 25mg Tablet,Sertraline,25mg
Rifabrex 400mg Tablet,Rifaximin,400mg
HB Gold P 100mg/325mg Tablet,Aceclofenac,100mg
Ceficon 200mg Tablet,Cefixime,200mg
Dapatic M 10mg/500mg Tablet,Dapagliflozin,10mg
Ameto P 30 mg/500 mg Tablet,Pioglitazone,30mg
Angizem 180mg Tablet,Diltiazem,180mg
Lxjicef 500mg Tablet,Cefuroxime,500mg
Qutipax 100mg Tablet SR,Quetiapine,100mg
Advacort 1mg Tablet,Deflazacort,1mg
Gabagest M 300mg/500mcg Capsule,LLPGabapentin,300mg
GLYCIGON 30 MG TABLET MR,Gliclazide,30mg
Janfresh Plus 0.5mg/10mg Tablet,Clonazepam,0.5mg
Rabswe-DSR Capsule,LLPDomperidone,30mg
Enzotrip 90mg/48mg/100mg Tablet,Bromelain,90mg
Dothic 25mg Tablet,Dosulepin,25mg
Bisopharm 1.25mg Tablet,Bisoprolol,1.25mg
Allerfen 180mg Tablet,Fexofenadine,180mg
Atwa 25mg Tablet,Atenolol,25mg
Pantocure-L Capsule SR,Levosulpiride,75mg
Dolib 25mg Tablet,Rofecoxib,25mg
Ethamib 250mg/250mg Tablet,Acid,250mg
Antaxid-DSR Capsule,Domperidone,30mg
Levoice-M Tablet,Levocetirizine,5mg
PanziLest 40mg Tablet,Pantoprazole,40mg
Etizip 0.5mg Tablet,Etizolam,0.5mg
Megamin 300mg/500mcg Capsule,Gabapentin,300mg
Xenart 500mg Tablet,Acid,500mg
Rosukem EZ 10mg/10mg Tablet,Rosuvastatin,10mg
Raviflam 100 mg/500 mg Tablet,Aceclofenac,100mg
Ratio 10mg Tablet,Serratiopeptidase,10mg
Utroryt 200mg Tablet,Flavoxate,200mg
Rygab 100mg Tablet,Gabapentin,100mg
Diclotal 50mg Tablet DT,Diclofenac,50mg
Nebula 5 Tablet,Nebivolol,5mg
Zoryl M 1 Forte Tablet PR,Glimepiride,1mg
Blefen-MR Tablet,Chlorzoxazone,250mg
Sylate 500 Tablet,Ethamsylate,500mg
Enzofit Tablet,Bromelain,90mg
Osilma 70mg Tablet,Silymarin,70mg
Omipep D 10mg/20mg Capsule,Domperidone,10mg
CV 500mg/125mg Tablet,Amoxycillin,500mg
D Xime LB 200mg Tablet,Cefixime,200mg
Ariprax 1.5mg Tablet SR,Alprazolam,1.5mg
Genericart Telmisartan+Amlodipine+Hydrochlorothiazide 40mg/5mg/12.5mg Tablet,Telmisartan,40mg
Eternex-M 1000 Tablet SR,Metformin,1000mg
Ceftil 500 Tablet,Cefuroxime,500mg
Renasel 400mg Tablet,Sevelamer,400mg
Anziroot 90mg/48mg/100mg Tablet,Bromelain,90mg
Protol 25 TL Tablet PR,Telmisartan,40mg
Ursoma 300mg Tablet,Acid,300mg
Rabje 20mg Tablet,Rabeprazole,20mg
Prohox OZ 200 mg/500 mg Tablet,Ofloxacin,200mg
Unicebr 100mg/600mg Tablet,Acebrophylline,100mg
Pantovag 40 Tablet,Pantoprazole,40mg
Pioglip 7.5mg Tablet,LLPPioglitazone,7.5mg
Emopred 4mg Tablet,Methylprednisolone,4mg
Talcid L 75mg/20mg Capsule SR,Levosulpiride,75mg
Moreate 50mg Tablet,Atenolol,50mg
Nebiqol AM 5mg/5mg Tablet,Nebivolol,5mg
Hope 200mg Capsule,Progesterone,200mg
Xylo CV 200mg/125mg Tablet,Cefixime,200mg
Mandox CV 200mg/125mg Tablet,Proxetil,200mg
Meetgyl ER 600 Tablet,Metronidazole,600mg
Dapefy 10mg Tablet,Dapagliflozin,10mg
Emulox Forte Capsule,Ampicillin,125mg
Glyxiga 0.5 Tablet PR,Glimepiride,0.5mg
Etisure Pro 0.5mg/40mg Tablet,Etizolam,0.5mg
Ozol 40mg Capsule,Omeprazole,40mg
Rosuronic A 20 Capsule,Rosuvastatin,20mg
Genxrose-Gold 20 Capsule,Aspirin,75mg
Parofen-S Tablet,Aceclofenac,100mg
Zincold Plus Tablet,Nimesulide,100mg
Olidax Trio 40mg/5mg/12.5mg Tablet,Medoxomil,40mg
Hhtelm H 40mg/5mg Tablet,LLPTelmisartan,40mg
Remicid 20 Tablet,Rabeprazole,20mg
Linac 200mg Tablet SR,Aceclofenac,200mg
Evolid 600mg Tablet,Linezolid,600mg
Udilox 150 Tablet,Acid,150mg
Alnice P 100mg/500mg Tablet,Nimesulide,100mg
Limosan 100mg Tablet,Nimesulide,100mg
Idnaxim 500mg Tablet,Cefuroxime,500mg
Glof OZ 200mg/500mg Tablet,Ofloxacin,200mg
Mitraford 15mg Tablet,Mirtazapine,15mg
Levrom-M Tablet,Levocetirizine,5mg
Alvect 12mg/400mg Tablet,Ivermectin,12mg
Nuflex MR 100mg/325mg/250mg Tablet,Aceclofenac,100mg
Prosuva 20mg Tablet,Rosuvastatin,20mg
Myzee 250mg Tablet,Azithromycin,250mg
Ternac 250mg Tablet,Terbinafine,250mg
Lumiwell-AT Tablet,Artemether,80mg
Imune 750mcg/75mg Capsule,Methylcobalamin,750mcg
Liniclav LB 500mg/125mg Tablet,Amoxycillin,500mg
Tarfen SP Tablet,Aceclofenac,100mg
Leukast B 20mg/10mg Tablet,Bilastine,20mg
Teraz 5mg Tablet,Terazosin,5mg
Prasilex Plus 0.5 mg/10 mg Tablet,Clonazepam,0.5mg
SMS-M 80mg/250mg Tablet,Drotaverine,80mg
Face R 200mg/20mg Capsule SR,Aceclofenac,200mg
Acphen-P Tablet,Aceclofenac,100mg
Trape D 50mg Tablet,Diclofenac,50mg
Wellrab D 30mg/20mg Capsule SR,Domperidone,30mg
Decdak  St   0.5mg Tablet,Dexamethasone,0.5mg
Trumox 500mg Capsule,Amoxycillin,500mg
Medeptal 150mg Tablet,Oxcarbazepine,150mg
ENDobloc 10 Tablet,Ambrisentan,10mg
Pimareal Capsule,Pimavanserin,34mg
Ofcia OZ 200mg/500mg Tablet,Ofloxacin,200mg
Serly 50mg Tablet,Sertraline,50mg
Lenzit-M Tablet,Levocetirizine,5mg
Napyrox 500mg/10mg Tablet,Naproxen,500mg
Joyheal O 200mg/200mg Tablet,Cefixime,200mg
Divon 100mg Tablet SR,Diclofenac,100mg
Magniclav-LB 625 Tablet,Amoxycillin,500mg
Agical-SG Softgel Capsule,Calcitriol,0.25mcg
Serofin Plus 50mg/10mg Tablet,Diclofenac,50mg
Kritfen MR 100mg/325mg/250mg Tablet,Aceclofenac,100mg
Yeltra M 500mg/250mg Tablet,Acid,500mg
Kapsolone 4mg Tablet,Methylprednisolone,4mg
Aquris Azithcin 250mg Tablet,Azithromycin,250mg
Xeroace MR 100mg/325mg/250mg Tablet,Aceclofenac,100mg
Himet 500mg Tablet,Metronidazole,500mg
Mirt 30mg Tablet,Mirtazapine,30mg
Greaswell 50mg/750mg/250mg Tablet,Diacerein,50mg
Omprago D 10mg/20mg Capsule,Domperidone,10mg
Noxiglip M 500mg/20mg Tablet,Metformin,500mg
Pantopia-LSR Capsule,Levosulpiride,75mg
Fexiloc-M Tablet,Montelukast,10mg
Immun Dase HD Chewable Tablet Tangy Orange Sugar Free,Oxide,49.8mg
Arz 20mg Tablet,Rabeprazole,20mg
Kymofic-D Tablet,Diclofenac,50mg
Moxiphage LB 500mg/125mg Tablet,Amoxycillin,500mg
Azigo 500 Tablet,Azithromycin,500mg
Flupivamp 100 Capsule,Flupirtine,100mg
Unitor 10mg Tablet,Atorvastatin,10mg
Nebin 5mg Tablet,Nebivolol,5mg
Axime 200mg Tablet,Cefixime,200mg
Sepdase Forte 10mg Tablet,Serratiopeptidase,10mg
SitaLONG 100mg Tablet,Sitagliptin,100mg
Zosecta 20mg Tablet,Pantoprazole,20mg
Etikalm 0.25mg Tablet MD,Etizolam,0.25mg
Folinox Plus Tablet,Doxylamine,20mg
Leretta 750mg Tablet,Levofloxacin,750mg
Doxicip 100mg Capsule,Doxycycline,100mg
Syrox Tablet,Roxithromycin,150mg
Rosunext 20 Tablet,Rosuvastatin,20mg
Sita OD 50 Tablet,Sitagliptin,50mg
Oxerute 500mg Tablet,Troxerutin,500mg
Tansin D 0.4mg/0.5mg Tablet,Tamsulosin,0.4mg
Gozide M 80mg/500mg Tablet,Gliclazide,80mg
Oflabin 200mg Tablet,Ofloxacin,200mg
S-Zinc Tablet DT,Zinc,20mg
Amozid-BX 250 Tablet,Amoxycillin,250mg
Grifax 400mg Tablet,Rifaximin,400mg
Glimcheck 3mg Tablet,Glimepiride,3mg
Bisomax 5H Tablet,Bisoprolol,5mg
Dopy 10mg Tablet,Doxylamine,10mg
Esolax D 30mg/40mg Capsule SR,Domperidone,30mg
Fortron 4mg Tablet,Ondansetron,4mg
Rifatrue 400 Tablet,Rifaximin,400mg
Zithrobact 500mg Tablet,Azithromycin,500mg
Razonix-DSR Capsule,Domperidone,30mg
Zeslaz 6mg Tablet,Deflazacort,6mg
Donaport M 5mg/10mg Tablet,Donepezil,5mg
Pregavion M 750mcg/75mg Tablet,Methylcobalamin,750mcg
Vitel AM 40mg/5mg Tablet,Telmisartan,40mg
Unistat 20mg Tablet,Atorvastatin,20mg
nortEN 10mg Tablet,Propranolol,10mg
Divprex 500mg Tablet,Divalproex,500mg
Esciant 10mg Tablet,Oxalate,10mg
Omecid RD 10mg/20mg Capsule,Domperidone,10mg
Divaseil-ER 500 Tablet,Divalproex,500mg
Rucet 5mg Tablet,Levocetirizine,5mg
Kefclav 200mg/125mg Tablet,Cefixime,200mg
Pzolom D 10mg/20mg Capsule SR,Domperidone,10mg
It Xole 100mg Capsule,LLPItraconazole,100mg
Metheart-AM Tablet,Amlodipine,5mg
Rabipel-D Tablet,Domperidone,10mg
Drnim Plus Tablet,Nimesulide,100mg
Thiosun A 4 Tablet,Aceclofenac,100mg
Monoron-XT Tablet,Ascorbate,100mg
Biosuganril TM  10mg Tablet,Serratiopeptidase,10mg
Drivebact 500mg/125mg Tablet,Amoxycillin,500mg
Aceros SP 100mg/325mg/15mg Tablet,Aceclofenac,100mg
Ginkomat Plus 60mg/800mg/5mg Tablet,Biloba,60mg
Amlocare 2.5mg Tablet,Amlodipine,2.5mg
Milgaba-NT Tablet,Gabapentin,400mg
Buflex MR Tablet,Ibuprofen,400mg
Enclam 5mg Tablet,Glibenclamide,5mg
Etosal Tablet,Etofylline,231mg
Azikaa 250mg Tablet,Azithromycin,250mg
Rabihok D 30mg/20mg Capsule SR,Domperidone,30mg
Premisolneo 6mg Tablet,Deflazacort,6mg
Azilta 16 Tablet,Azelnidipine,16mg
Proteoenzyme Plus Tablet,Trypsin,48mg
Simfast 140mg Capsule,Simethicone,140mg
Biscort 6 Tablet,Deflazacort,6mg
LMV 10 Tablet,Levocetirizine,5mg
Coldfree Tablet,Cetirizine,10mg
Duotop 20mg/1.5mg Tablet,Duloxetine,20mg
Halixim 100mg Tablet,Cefixime,100mg
Preganuro XL 1500mcg/75mg Tablet,Methylcobalamin,1500mcg
Linahenz 5mg Tablet,Linagliptin,5mg
Orixa 200mg Tablet,Ofloxacin,200mg
Fenanix-P Tablet,Aceclofenac,100mg
Rekin-SP Tablet,Aceclofenac,100mg
Hilerin 25mg Tablet,Hydroxyzine,25mg
Targit-H 40/12.5mg Tablet,Telmisartan,40mg
Affitor 10mg Tablet,Aripiprazole,10mg
PAZ 40mg Tablet,Pantoprazole,40mg
Loc 400 mg/600 mg Tablet,Norfloxacin,400mg
Goflam SP Tablet,Aceclofenac,100mg
Gabama NT 400mg/10mg Tablet,Gabapentin,400mg
Acerock SP 100mg/325mg/15mg Tablet,Aceclofenac,100mg
Rejuron 300mg Capsule,Gabapentin,300mg
Zeagra 100mg Tablet,Sildenafil,100mg
Tilomeg CL 0.25mg/10mg Tablet,Clonazepam,0.25mg
New Sensitop Capsule,Methylcobalamin,750mcg
Torstar 10mg Tablet,Torasemide,10mg
Trust Miso Tablet,Misoprostol,200mcg
Prabin M 750mg/75mg Capsule,Methylcobalamin,750mg
Pds 40mg Tablet,Pantoprazole,40mg
Affovog-M 2 Tablet SR,Metformin,500mg
O Anxit 0.5 mg/10 mg Tablet,Flupenthixol,0.5mg
NO Dizz 16mg Tablet,Betahistine,16mg
Acshan TC 100mg/325mg/50000AU Tablet,Aceclofenac,100mg
Rifamust 400mg Tablet,Rifaximin,400mg
Xenone 500mg/10mg Tablet,Naproxen,500mg
Trioptal 300 Tablet,Oxcarbazepine,300mg
Allerkap Tablet,Levocetirizine,5mg
Kafenac 100mg Tablet SR,Aceclofenac,100mg
Caphtor Plus 500mg Tablet,Calcium,500mg
Awayke 10mg Tablet MD,Loratadine,10mg
Pax SR 1.5mg Tablet,Alprazolam,1.5mg
Dericef 250mg Tablet,Cefuroxime,250mg
Medioxin-CV 625 Tablet,Amoxycillin,500mg
Pregagrip M 1500mcg/75mg Capsule,Methylcobalamin,1500mcg
Starflex 90mg Tablet,Etoricoxib,90mg
Yofix O 200mg/200mg Tablet,Cefixime,200mg
Zatrocob P 750mcg/75mg Capsule,Methylcobalamin,750mcg
Deforz 30mg Tablet,Deflazacort,30mg
Isoret 10mg Capsule,Isotretinoin,10mg
Glimetop MP 1 mg/500 mg/15 mg Tablet,Glimepiride,1mg
Parovis Plus Tablet CR,Paroxetine,12.5mg
Rismore Forte 4mg/2mg Tablet,Risperidone,4mg
Montelix LC 5mg/10mg Tablet,Levocetirizine,5mg
Glucopay M 500mg/50mg Tablet,Metformin,500mg
Nurohope-CP Tablet,Citicoline,500mg
Atnospas MF 80mg/250mg Tablet,Drotaverine,80mg
Tezaglit 20mg Tablet,Teneligliptin,20mg
Rgcort 6 Tablet,Deflazacort,6mg
Delpod 100mg Tablet DT,Proxetil,100mg
Omcef 100mg/100mg Tablet DT,Cefixime,100mg
Meflix Plus 500mg/325mg Tablet,Acid,500mg
Uvamat 100mg Tablet,Fluvoxamine,100mg
RF 150mg Tablet,Rifampicin,150mg
Qulong 100mg Tablet SR,Quetiapine,100mg
Avocort 6mg Tablet,Deflazacort,6mg
Horpan D 30mg/40mg Capsule SR,Domperidone,30mg
Lavipara Cold Tablet,Caffeine,30mg
Tellzy-BS 2.5 Tablet,Bisoprolol,2.5mg
Metpure H Tablet,Succinate,25mg
Acquite 100mg/325mg Tablet,Aceclofenac,100mg
Amalar XL 20mg/120mg Tablet,Artemether,20mg
Risjoy-Plus Tablet,Risperidone,3mg
Sugapol-PM Tablet SR,Glimepiride,2mg
Zoerab L 75mg/20mg Capsule,Levosulpiride,75mg
P-Zole D 10mg/40mg Tablet,Domperidone,10mg
Itcox TH 60mg/8mg Tablet,Etoricoxib,60mg
Glimzio M Forte 1mg/1000mg Tablet,Glimepiride,1mg
Cadmet XR 50 Tablet,Succinate,47.5mg
Diavista M 15mg/500mg Tablet,Pioglitazone,15mg
Safex 250mg Tablet,Cefuroxime,250mg
Leoquin OZ 250mg/500mg Tablet,Levofloxacin,250mg
Mecgee Plus Capsule,Methylcobalamin,1500mcg
Smodic MR 250mg/50mg/325mg Tablet,Chlorzoxazone,250mg
Clip MF Tablet,Acid,500mg
Leef 250 Tablet,Levofloxacin,250mg
Resplend 5mg Tablet,Prazosin,5mg
Amlosafe 3D Tablet,Telmisartan,40mg
Ilamed DSR Capsule,Domperidone,30mg
Moxylyn-LB 625 Tablet,Amoxycillin,500mg
Etoglobe P 60mg/325mg Tablet,Etoricoxib,60mg
Torsimid 100 Tablet,Torasemide,100mg
Gabafirst 300mg Tablet,Gabapentin,300mg
Ozatex 10mg Tablet MD,Olanzapine,10mg
Octace P Tablet,Aceclofenac,100mg
Levohist 5mg Tablet,Levocetirizine,5mg
Dipro OD 500mg Tablet,Divalproex,500mg
Placidin 25mg Tablet,Quetiapine,25mg
Zotelet 25mg Tablet,Zotepine,25mg
D vert 8mg Tablet,Prochlorperazine,8mg
Omicer D 10mg/20mg Capsule,Domperidone,10mg
Tpsone-D Tablet,Tolperisone,150mg
Lexio 250mg Tablet DT,Cefalexin,250mg
Mocido D 15mg/20mg Tablet,Domperidone,15mg
Adflox 400mg Tablet,Gatifloxacin,400mg
Rampan 40mg Tablet,Pantoprazole,40mg
Rebkrish-D Tablet,Domperidone,10mg
Setgalin SR M 75 Tablet,Methylcobalamin,1500mcg
T Bil 20mg Tablet,Bilastine,20mg
Jakauto 11mg Tablet XR,Tofacitinib,11mg
Prucalax Tablet,Prucalopride,2mg
Amdocal Pro 5mg/2.5mg Tablet,Amlodipine,5mg
Algina 650 Tablet,Paracetamol,650mg
Galumine Plus PB 750mcg/75mg Capsule,Methylcobalamin,750mcg
Mepam-DC Tablet,Dicyclomine,10mg
Zealsartan-MT 25 Tablet,LLPTelmisartan,40mg
Azicred 250 Tablet,Azithromycin,250mg
Oflorich-OZ Tablet,Ofloxacin,200mg
Rosuviron 5mg Tablet,Rosuvastatin,5mg
Livosac 500mg Tablet,Levofloxacin,500mg
Met XL H 50 Tablet,Succinate,50mg
Alciz M 5mg/10mg Tablet,Levocetirizine,5mg
Aziray 500 Tablet,Azithromycin,500mg
Telmicost-AM Tablet,Telmisartan,40mg
Thiobit A 100mg/8mg Tablet,Aceclofenac,100mg
Maxolid Tablet,Linezolid,600mg
Glimfirst-MP 2 Tablet SR,Glimepiride,2mg
Rosuvid 10mg Tablet,Rosuvastatin,10mg
Painoxol 25mg Tablet,Diclofenac,25mg
Primol 1000mg Tablet SR,Paracetamol,1000mg
Extracov CV 250mg/125mg Tablet,Cefuroxime,250mg
Offensia OZ 200mg/500mg Tablet,Ofloxacin,200mg
Dan SP Tablet,Diclofenac,50mg
Monsi-FX Tablet,Montelukast,10mg
Oxilin P 500mg/800mg Tablet,Citicoline,500mg
Rbzole D 30mg/20mg Capsule SR,Domperidone,30mg
Ijeska 100mg Capsule,Acebrophylline,100mg
Etilaam Pro 20 Tablet,Etizolam,0.5mg
Secnil Forte Tablet,Secnidazole,1000mg
Ivus-A 10/75 Capsule,Rosuvastatin,10mg
AMDAC AT 5 MG/25 MG TABLET,Amlodipine,5mg
Acefos P 100mg/325mg Tablet,Aceclofenac,100mg
MO OZ 200mg/500mg Tablet,Ofloxacin,200mg
Felix 100mg Tablet,Proxetil,100mg
Onas 10mg Tablet,Olanzapine,10mg
Medkast L 5mg/10mg Tablet,Levocetirizine,5mg
Mormet 0.125mg Tablet,Methylergometrine,0.125mg
Revela 800 Tablet,Sevelamer,800mg
Oak 200mg Tablet,Ofloxacin,200mg
Rabecorn-DSR Capsule,Domperidone,30mg
Abt Pod 100mg Tablet,Proxetil,100mg
Impraz-DSR Capsule,Domperidone,30mg
RA Quin 400mg Tablet,Hydroxychloroquine,400mg
Dolycold Plus Tablet,Aceclofenac,100mg
Besicor-T 2.5 Tablet,Bisoprolol,2.5mg
Imizonic Plus 2 mg/25 mg Tablet,Diazepam,2mg
Orgamox-CL Tablet,Amoxycillin,500mg
Q-DIL 90MG TABLET,Diltiazem,90mg
Menotif Tablet,Acid,500mg
K-Vog 0.2mg Tablet MD,Voglibose,0.2mg
Levipak 500 Tablet,Levetiracetam,500mg
Microcef 200mg Tablet DT,Proxetil,200mg
Pregem Tablet,Acid,100mg
Sterflam SP 100mg/325mg/15mg Tablet,Aceclofenac,100mg
Mirafab 400 Tablet,Rifaximin,400mg
Nimozor SP 100mg/325mg/15mg Tablet,Nimesulide,100mg
Estajoy Plus 0.5 mg/10 mg Tablet,Clonazepam,0.5mg
Svpan D 30mg/40mg Capsule SR,Domperidone,30mg
Paracea 650mg Tablet,Paracetamol,650mg
Medtori 90mg Tablet,Etoricoxib,90mg
Pregtan N 75mg/10mg Tablet,Pregabalin,75mg
Divaa -OD 1000 Tablet ER,Divalproex,1000mg
Kilake Forte 100mg/325mg/15mg Tablet,Aceclofenac,100mg
Racmox LB 500mg Tablet,Amoxycillin,500mg
Rts 10mg Tablet,Rosuvastatin,10mg
Rez-Q 600mg Tablet,Quinine,600mg
Fenase Tablet,Diclofenac,50mg
Panwar DSR Capsule,Domperidone,10mg
Paragli 650mg Tablet,Paracetamol,650mg
Pfos I 40mg/150mg Capsule SR,Pantoprazole,40mg
Diaglit 30mg Tablet,Pioglitazone,30mg
Glimicord MP 2mg/500mg/15mg Tablet,Glimepiride,2mg
Omepraz Novo 20mg Capsule,Omeprazole,20mg
Saiumet 500mg Tablet SR,Metformin,500mg
Magome 20mg Capsule,Omeprazole,20mg
Ifix CL 200mg/125mg Tablet,Cefixime,200mg
Mayutel AM 40mg/5mg Tablet,Telmisartan,40mg
Mefipil 200mg Tablet,Mifepristone,200mg
Onlyciti 500mg Tablet,Citicoline,500mg
Methalco GB 300mg/500mcg Tablet,Gabapentin,300mg
KMX 625 Tablet,Amoxycillin,500mg
Lefzine 5mg Tablet,Levocetirizine,5mg
Asinac-P Tablet,Aceclofenac,100mg
Neugaba 150mg Tablet ER,Pregabalin,150mg
Telwake B 40mg/25mg Tablet,Telmisartan,40mg
Arip MT 10 Tablet,Aripiprazole,10mg
Mobet LC 5mg/10mg Tablet,Levocetirizine,5mg
Torsimid 10 Tablet,Torasemide,10mg
Surefex M 10mg/120mg Tablet,Montelukast,10mg
Dolanox 400mg Tablet ER,Etodolac,400mg
Dicloapt 50mg/10mg Tablet,Diclofenac,50mg
Teltoss-Trio 6.25 Tablet,Telmisartan,40mg
Dynaz 50mg Capsule,Danazol,50mg
Sortin 20mg Tablet,Rosuvastatin,20mg
Aldomine B6 Tablet,Doxylamine,10mg
Panday D 30mg/40mg Capsule SR,Domperidone,30mg
Levoshine 500mg Tablet,Levofloxacin,500mg
Albiflam P 100mg/325mg Tablet,Aceclofenac,100mg
PX Rab D 10mg/20mg Tablet,Domperidone,10mg
Qulong 200mg Tablet SR,Quetiapine,200mg
Tenginow Tablet,Teneligliptin,20mg
Piotech 30mg Tablet,Pioglitazone,30mg
Zitoflox-OZ Tablet,Ofloxacin,200mg
Oflorose OR 200mg/500mg Tablet,Ofloxacin,200mg
Diasnac SP 100mg/325mg/15mg Tablet,Aceclofenac,100mg
Pancrehenz 10000 Capsule,Pancreatin,150mg
Rispomide T 2mg/2mg Tablet,Risperidone,2mg
Ventidox-Bro Tablet,Doxofylline,400mg
Clinsol 300mg Capsule,Clindamycin,300mg
Nimbus Kid   50mg Tablet,Nimesulide,50mg
Arnipin 100 Tablet,Sacubitril,49mg
Neurokey 1500mcg/75mg Tablet SR,Methylcobalamin,1500mcg
Fumay CV Tablet,Proxetil,200mg
Sitastar M 50mg/500mg Tablet,Sitagliptin,50mg
Ambilor 8mg Tablet,Lornoxicam,8mg
Lmn OD 5mg/10mg Tablet,Levocetirizine,5mg
Rifawar 400mg Tablet,Rifaximin,400mg
Zodol P 50mg/500mg Tablet,Tramadol,50mg
Praztive D 10mg/40mg Tablet,Domperidone,10mg
Fadox 200mg Tablet,Proxetil,200mg
Clopizen A 75 Tablet,Aspirin,75mg
Throfix O 200mg/200mg Tablet,Cefixime,200mg
Gilthrood 500 Tablet,Azithromycin,500mg
Finmac D 80mg/250mg Tablet,Drotaverine,80mg
Telirap 40mg Tablet,Telmisartan,40mg
Augpen LB 375 mg Tablet,Amoxycillin,250mg
Arox 150mg Capsule,Roxithromycin,150mg
esoGA-RD Capsule SR,Domperidone,30mg
Flu CF Tablet,Caffeine,30mg
Dicneo-SP Tablet,Diclofenac,50mg
Painadol P 37.5mg/325mg Tablet,Tramadol,37.5mg
Aceriv T 100mg/4mg Tablet,Aceclofenac,100mg
Shidopin 25mg Capsule,Doxepin,25mg
Sarlevo 500mg Tablet,Levofloxacin,500mg
Segonac R 200mg/20mg Capsule,Aceclofenac,200mg
Paris 200mg Tablet,Sparfloxacin,200mg
Dizialarm 8mg Tablet,Betahistine,8mg
Sernzy 50mg/325mg/10mg Tablet,Diclofenac,50mg
Lezace-MR Tablet,Aceclofenac,100mg
Pantorma L 75mg/40mg Capsule SR,Levosulpiride,75mg
Zytic 500mg Tablet,Azithromycin,500mg
Uvazest 2mg Tablet,Dienogest,2mg
Tenlimac M  1000 Tablet SR,Metformin,1000mg
Panscot D 30mg/40mg Capsule SR,Domperidone,30mg
Gatifect 200mg Tablet,Gatifloxacin,200mg
Evencet M 5mg/10mg Tablet,Levocetirizine,5mg
Biorid 25 Tablet,Thioridazine,25mg
Entrozyme-O 200mg/500mg Tablet,Ofloxacin,200mg
Tenark M 500mg/20mg Tablet,Metformin,500mg
Ensurose 20 Tablet,Rosuvastatin,20mg
Montina 10 Tablet,Montelukast,10mg
Voxinix CR 50 Tablet,Fluvoxamine,50mg
Gabapil 300mg Tablet,Gabapentin,300mg
Caremox AG Plus 500mg/125mg Tablet,Amoxycillin,500mg
Uniprega 75 Capsule,Pregabalin,75mg
Kazol D 10mg/20mg Tablet,Domperidone,10mg
Rpn Plus Tablet,Risperidone,3mg
Qizace SP 100mg/325mg/15mg Tablet,Aceclofenac,100mg
Rabgard LS Capsule,Levosulpiride,75mg
Lbvas 20mg Tablet,Atorvastatin,20mg
Precobalin 1500mcg/150mg Capsule,Methylcobalamin,1500mcg
Azixis 500mg Tablet,Azithromycin,500mg
Clonis 0.25mg Tablet MD,Clonazepam,0.25mg
Goxoi 40 Tablet,Febuxostat,40mg
SitaCIP E 25mg/100mg Tablet,Empagliflozin,25mg
Parasal 650mg Tablet,Paracetamol,650mg
Genmox CV 500 mg/125 mg Tablet,Amoxycillin,500mg
Sazopride 2mg Tablet,Glimepiride,2mg
Gastowel 40 Tablet,Pantoprazole,40mg
Rabdrip LS 75mg/20mg Capsule,Levosulpiride,75mg
calBONA XT Tablet,Carbonate,1250mg
Acestine T Tablet,Taurine,500mg
Neopep DP Tablet,Diclofenac,50mg
Lupex-GR 40 Tablet,Duloxetine,40mg
Duoyug 2mg/500mg Tablet SR,Glimepiride,2mg
Paranox 4mg/325mg Tablet,Lornoxicam,4mg
Avinova 20mg Capsule,Isotretinoin,20mg
Doxomed M 400mg/10mg Tablet,Doxofylline,400mg
Ramcor-H 2.5 Tablet,Ramipril,2.5mg
Masnol Plus 5 Tablet SR,Propranolol,40mg
Nulcer D Capsule,Domperidone,30mg
Broyes 90mg/48mg/100mg Tablet,Bromelain,90mg
Fluzin 10mg Tablet,Flunarizine,10mg
Acefe-MR Tablet,Aceclofenac,100mg
Piracas 800mg Tablet,Piracetam,800mg
Metarka 50mg Tablet ER,Succinate,50mg
Plumcef O 200mg/200mg Tablet,Cefixime,200mg
Divaxee OD 250 Tablet ER,Divalproex,250mg
Cardace H 10 Tablet,Ramipril,10mg
Npgab 300mg/500mcg Tablet,Gabapentin,300mg
Zisavel 100mg Tablet,Isavuconazole,100mg
Riz 2mg Tablet,Risperidone,2mg
Taloprex LS 10 mg Tablet,Clonazepam,0.25mg
Amnol 5 mg/50 mg Tablet,Amlodipine,5mg
Amlokind-H Tablet,Amlodipine,5mg
E Tel H 40mg/12.5mg Tablet,Telmisartan,40mg
Mirton 7.5mg Tablet,Mirtazapine,7.5mg
Quel 200mg Tablet,Quetiapine,200mg
Kexical 5mg Tablet,Levocetirizine,5mg
Rimactazid 100 mg/50 mg Tablet DT,Rifampicin,100mg
Mefdic 10mg/250mg Tablet,Dicyclomine,10mg
TRExodat 15mg Tablet,Methotrexate,15mg
Amnac P 100mg/325mg Tablet,Aceclofenac,100mg
Omeaz D 30mg/20mg Capsule,Domperidone,30mg
Doth 100mg Tablet,Dosulepin,100mg
Merison 6mg Tablet,Betahistine,6mg
Waldoglip M Forte 1000mg/20mg Tablet,Metformin,1000mg
Itofly 100mg Capsule,Itraconazole,100mg
Spasklin M Tablet,Drotaverine,80mg
Amlon AT 5mg/50mg Tablet,Amlodipine,5mg
Ximnase 200 Tablet MD,Cefixime,200mg
Noprazole D 30mg/40mg Capsule SR,Domperidone,30mg
Trimelipride 1mg/500mg/0.2mg Tablet,Glimepiride,1mg
Promocef 100mg Tablet,Cefixime,100mg
Sinocalm Tablet,Caffeine,30mg
Rabekap D 10mg/20mg Tablet,Domperidone,10mg
Dotaflam MR 4mg/100mg/325mg Tablet,Thiocolchicoside,4mg
Jaidol-MR Tablet,Aceclofenac,100mg
Sitaviron D 10mg/100mg Tablet,Dapagliflozin,10mg
Sevamin 400 Tablet,Sevelamer,400mg
Nindev 100mg Soft Gelatin Capsule,Nintedanib,100mg
Serlance 10mg Tablet,Serratiopeptidase,10mg
Sifypen 40mg Tablet,Pantoprazole,40mg
Calbisix Tablet,Calcium,500mg
Miravir 25mg Tablet,Mirabegron,25mg
Saipod-O 200mg/200mg Tablet,Proxetil,200mg
Levox 5mg Tablet,Levocetirizine,5mg
Aclown 100mg/325mg Tablet,Aceclofenac,100mg
Lini P 50 mg/500 mg Tablet,Diclofenac,50mg
Omipra D 10mg/20mg Capsule,Domperidone,10mg
Ila 5 10mg Tablet,Ilaprazole,10mg
Biotam 800 Tablet,Piracetam,800mg
Aisrab D 30mg/20mg Capsule,Domperidone,30mg
Febudol 40mg Tablet,Febuxostat,40mg
Eberlin 500mcg/75mg Capsule,Methylcobalamin,500mcg
Oftrax Tablet,Ofloxacin,200mg
FENOCOR 67MG TABLET,Fenofibrate,67mg
Remdox-LB Tablet,Doxycycline,100mg
Emrab 20mg Tablet,Rabeprazole,20mg
Heptidin 2 Tablet,Cyproheptadine,2mg
Norcox 120mg Tablet,Etoricoxib,120mg
Telmicad-MT Tablet ER,Telmisartan,40mg
Allsef 250mg Tablet,Cefuroxime,250mg
Nim S 100mg/10mg Tablet,Nimesulide,100mg
Nes Tablet,Nimesulide,100mg
Metored AM  5mg/50mg Tablet XL,Amlodipine,5mg
Dicliv 50mg Tablet,Diclofenac,50mg
StayHappi Torasemide 5mg Tablet,Torasemide,5mg
Lorfast D 5mg/120mg Tablet,Loratadine,5mg
Asenxit Tablet,Flupenthixol,0.5mg
IG Dox LB 100mg Capsule,Doxycycline,100mg
Olevobac 250mg Tablet,Levofloxacin,250mg
Iverad 12mg Tablet,Ivermectin,12mg
Gluxit Trio 10mg/500mg/100mg Tablet,Dapagliflozin,10mg
Ecitom DS 0.5mg/20mg Tablet,Clonazepam,0.5mg
Winixia 1000 SR Tablet,Metformin,1000mg
Thalid-LEP 50 Capsule,Thalidomide,50mg
Vilmer H 12.5mg/5mg Tablet,Amitriptyline,12.5mg
Hexartan AM H Tablet,Telmisartan,40mg
Zenmide 20mg Tablet,Torasemide,20mg
Acyclodol 100mg/325mg Tablet MR,Aceclofenac,100mg
Kynicold N Tablet,Caffeine,25mg
Monteprl 5mg Tablet,Montelukast,5mg
A Beta 25mg Tablet SR,Succinate,25mg
Xpram ET 0.5mg/10mg Tablet,Etizolam,0.5mg
Gliclavac-M Tablet,Gliclazide,80mg
Prozol-P Tablet,Pantoprazole,40mg
Glyci Mark M 40mg/500mg Tablet,Gliclazide,40mg
Merislon 6 Tablet,Betahistine,6mg
Fixi 500 Tablet,Levofloxacin,500mg
Sinarest Levo Tablet,Levocetirizine,2.5mg
Nimlik P 100mg/325mg Tablet,Nimesulide,100mg
Bjoitra 100 Capsule,Itraconazole,100mg
Fexonip 120mg Tablet,Fexofenadine,120mg
Pradil 150 Tablet,Propafenone,150mg
Kaffur 500 Tablet,Cefuroxime,500mg
Begamin MN 75mg/10mg/1500mcg Tablet SR,Pregabalin,75mg
Itrafort SB 50mg Capsule,Itraconazole,50mg
Enaro 2.5mg Tablet,Enalapril,2.5mg
Genxvast 10 Tablet,Atorvastatin,10mg
DBN-MR Tablet,Chlorzoxazone,250mg
Oxafirst 200mg Capsule,Oxaceprol,200mg
Nitrosis 2.6mg Tablet,Nitroglycerin,2.6mg
Ofloxius OZ 200mg/500mg Tablet,Ofloxacin,200mg
Hapymet 25mg Tablet,Succinate,25mg
Fego Tablet DT,Paracetamol,650mg
Flamiz SP 100mg/325mg/15mg Tablet,Aceclofenac,100mg
Rabistol D 10mg/20mg Tablet,Domperidone,10mg
Robantos-DSR Capsule,Domperidone,30mg
Aspigrel 150 mg/75 mg Tablet,Aspirin,150mg
Silkof 5mg/2mg/10mg Capsule,Phenylephrine,5mg
Microflox 500mg Tablet,Ciprofloxacin,500mg
Yougaba 75mg Capsule,Pregabalin,75mg
Syscan 150 Capsule,Fluconazole,150mg
Dapagold 10mg Tablet,Dapagliflozin,10mg
Erivoxa 50 Tablet,Fluvoxamine,50mg
Zucet 5mg Tablet,Levocetirizine,5mg
ROSUmac Gold 20 Capsule,Aspirin,75mg
Predivir 4 Tablet,Methylprednisolone,4mg
Zeocort M 4mg Tablet,Methylprednisolone,4mg
Zodolin 600 Tablet,Linezolid,600mg
Dr.Gesic 75mg Tablet SR,Diclofenac,75mg
Etiset Beta 0.25mg/10mg Tablet,Etizolam,0.25mg
Arkaval 200mg/87mg Tablet CR,Valproate,200mg
Utraco 100mg Capsule,Itraconazole,100mg
Azivrol 250mg Tablet,Azithromycin,250mg
pregabID 75 Capsule,Pregabalin,75mg
Doxifit Tablet,Doxylamine,10mg
Sysvog 0.3mg Tablet,Voglibose,0.3mg
Jovastatin AP 20mg/150mg Capsule,Atorvastatin,20mg
Enstamont F 180 Tablet,Montelukast,10mg
D Vel 30mg Tablet,Duloxetine,30mg
Oxotic 300 Tablet SR,Acid,300mg
Rsef LB Tablet,Cefuroxime,500mg
Achenix Spas 80mg/100mg Tablet,Drotaverine,80mg
Benlead 8 Tablet,Benidipine,8mg
Diplocef OZ 200mg/500mg Tablet,Cefixime,200mg
Levospan 500mg Tablet,Levofloxacin,500mg
Naproben 500mg Tablet,Naproxen,500mg
Mgclav 625 Tablet,Amoxycillin,500mg
Espinha PG 1500mcg/75mg Tablet,Methylcobalamin,1500mcg
Trunerve PG 750mcg/75mg Capsule,Methylcobalamin,750mcg
Pantadent 40mg Tablet,Pantoprazole,40mg
Elride 25mg Tablet,Levosulpiride,25mg
Blispan 40mg Tablet,Pantoprazole,40mg
Vertiflix Tablet,Cinnarizine,20mg
Glador M 2 Forte Tablet PR,Glimepiride,2mg
Alzopax 0.25mg Tablet,Alprazolam,0.25mg
R-Cid Plus 30mg/20mg Capsule SR,Domperidone,30mg
Biolizo 600mg Tablet,Linezolid,600mg
Webace 75mg Capsule,Palbociclib,75mg
Hotpan D 30mg/40mg Capsule SR,Domperidone,30mg
Telmi 40 Tablet,Telmisartan,40mg
Azithral 5D Tablet,Azithromycin,500mg
Altoran-CH 12.5 Tablet,Chlorthalidone,12.5mg
Amoxytop CV 875mg/125mg Tablet,Amoxycillin,875mg
R Bit DM 10mg/20mg Tablet,Domperidone,10mg
Pulmofib 200mg Tablet,Pirfenidone,200mg
Stucef 100 DT Tablet,Cefixime,100mg
Kitkit MD Tablet,Ketorolac,10mg
Mono Azi 250 Tablet,Azithromycin,250mg
Dapalex 5mg Tablet,Dapagliflozin,5mg
Redoth 25mg Tablet,Dosulepin,25mg
Pistine 16 Tablet,Betahistine,16mg
Newlid P 100mg/325mg Tablet,Nimesulide,100mg
Acycov P 100mg/325mg Tablet,Aceclofenac,100mg
Alfugress-D  Tablet SR,Alfuzosin,10mg
Erocox 90mg Tablet,Etoricoxib,90mg
Faromits 300 Tablet,Faropenem,300mg
Dicsam-SP Tablet,Diclofenac,50mg
H Seph 250mg Tablet,Cefalexin,250mg
Purepan-DM 10mg/40mg Tablet,Domperidone,10mg
Macpan-OD Tablet SR,Domperidone,30mg
Amicoxia 90 Tablet,Etoricoxib,90mg
Hyocimax MF  Tablet,Acid,250mg
Meslone 4mg Tablet,Methylprednisolone,4mg
Ethicoxia P 60mg/325mg Tablet,Etoricoxib,60mg
Baclonip 10mg Tablet,Baclofen,10mg
Daplo MF 10mg/1000mg Tablet ER,Dapagliflozin,10mg
Hemoshine Tablet,Iron,60mg
Glimicet 1 Tablet,Glimepiride,1mg
Ellanclav-LB Tablet,Amoxycillin,500mg
Tremofen 10mg/500mg Tablet,Domperidone,10mg
Safpod 100mg Tablet DT,Proxetil,100mg
Finadine 120mg Tablet,Fexofenadine,120mg
Roslen 20 Tablet,Rosuvastatin,20mg
Enzyl 160mg Tablet,Enzalutamide,160mg
Gabaltis 300 Capsule,Gabapentin,300mg
Lactosar O 200mg Tablet DT,Proxetil,200mg
Ketomex TH 50mg/4mg Tablet,Ketoprofen,50mg
Progynova 2mg Tablet,Estradiol,2mg
L Flox 500mg Tablet,Levofloxacin,500mg
